Date,cbp_apprehended,cbp_custody,cbp_transferred,hhs_care,hhs_discharged,day_of_week,month,year,quarter,is_weekend,day_of_year
2023-01-12,33.0,53.0,34.0,6566.0,436.0,3,1,2023,1,0,12
2023-01-13,32.9,52.6,34.5,6621.6,415.1,4,1,2023,1,0,13
2023-01-14,32.8,52.2,35.0,6677.2,394.2,5,1,2023,1,1,14
2023-01-15,32.7,51.8,35.5,6732.8,373.3,6,1,2023,1,1,15
2023-01-16,32.6,51.4,36.0,6788.4,352.4,0,1,2023,1,0,16
2023-01-17,32.5,51.0,36.5,6844.0,331.5,1,1,2023,1,0,17
2023-01-18,32.4,50.6,37.0,6899.6,310.6,2,1,2023,1,0,18
2023-01-19,32.3,50.2,37.5,6955.2,289.70000000000005,3,1,2023,1,0,19
2023-01-20,32.2,49.8,38.0,7010.8,268.8,4,1,2023,1,0,20
2023-01-21,32.1,49.4,38.5,7066.4,247.9,5,1,2023,1,1,21
2023-01-22,32.0,49.0,39.0,7122.0,227.0,6,1,2023,1,1,22
2023-01-23,32.0,50.0,39.0,7280.0,181.0,0,1,2023,1,0,23
2023-01-24,47.0,42.0,47.0,7433.0,175.0,1,1,2023,1,0,24
2023-01-25,20.0,22.0,41.0,7538.0,180.0,2,1,2023,1,0,25
2023-01-26,20.75,27.75,33.5,7521.5,210.75,3,1,2023,1,0,26
2023-01-27,21.5,33.5,26.0,7505.0,241.5,4,1,2023,1,0,27
2023-01-28,22.25,39.25,18.5,7488.5,272.25,5,1,2023,1,1,28
2023-01-29,23.0,45.0,11.0,7472.0,303.0,6,1,2023,1,1,29
2023-01-30,34.0,54.0,29.0,7743.0,196.0,0,1,2023,1,0,30
2023-01-31,26.0,36.0,36.0,7803.0,158.0,1,1,2023,1,0,31
2023-02-01,25.0,32.0,27.0,7903.0,231.0,2,2,2023,1,0,32
2023-02-02,15.0,13.0,23.0,7879.0,298.0,3,2,2023,1,0,33
2023-02-03,15.333333333333334,14.666666666666666,20.333333333333332,7781.333333333333,312.6666666666667,4,2,2023,1,0,34
2023-02-04,15.666666666666666,16.333333333333332,17.666666666666668,7683.666666666667,327.3333333333333,5,2,2023,1,1,35
2023-02-05,16.0,18.0,15.0,7586.0,342.0,6,2,2023,1,1,36
2023-02-06,11.0,22.0,12.0,7720.0,196.0,0,2,2023,1,0,37
2023-02-07,16.0,20.0,20.0,7855.0,200.0,1,2,2023,1,0,38
2023-02-08,93.0,196.0,169.0,7915.0,317.0,2,2,2023,1,0,39
2023-02-09,124.0,234.0,161.0,7908.0,353.0,3,2,2023,1,0,40
2023-02-10,113.33333333333333,223.66666666666666,165.0,7750.0,341.0,4,2,2023,1,0,41
2023-02-11,102.66666666666667,213.33333333333334,169.0,7592.0,329.0,5,2,2023,1,1,42
2023-02-12,92.0,203.0,173.0,7434.0,317.0,6,2,2023,1,1,43
2023-02-13,186.0,259.0,172.0,7483.0,244.0,0,2,2023,1,0,44
2023-02-14,154.0,225.0,220.0,7794.0,223.0,1,2,2023,1,0,45
2023-02-15,91.0,199.0,172.0,7869.0,290.0,2,2,2023,1,0,46
2023-02-16,81.0,213.0,153.0,7793.0,361.0,3,2,2023,1,0,47
2023-02-17,113.0,231.0,160.75,7799.0,323.0,4,2,2023,1,0,48
2023-02-18,145.0,249.0,168.5,7805.0,285.0,5,2,2023,1,1,49
2023-02-19,177.0,267.0,176.25,7811.0,247.0,6,2,2023,1,1,50
2023-02-20,209.0,285.0,184.0,7817.0,209.0,0,2,2023,1,0,51
2023-02-21,184.0,314.0,217.0,7967.0,213.0,1,2,2023,1,0,52
2023-02-22,107.0,215.0,230.0,7978.0,232.0,2,2,2023,1,0,53
2023-02-23,101.0,162.0,178.0,7914.0,386.0,3,2,2023,1,0,54
2023-02-24,100.33333333333333,171.33333333333334,177.33333333333334,7812.333333333333,365.0,4,2,2023,1,0,55
2023-02-25,99.66666666666667,180.66666666666666,176.66666666666666,7710.666666666667,344.0,5,2,2023,1,1,56
2023-02-26,99.0,190.0,176.0,7609.0,323.0,6,2,2023,1,1,57
2023-02-27,167.0,239.0,166.0,7800.0,248.0,0,2,2023,1,0,58
2023-02-28,115.0,216.0,169.0,7896.0,200.0,1,2,2023,1,0,59
2023-03-01,84.0,158.0,193.0,7930.0,307.0,2,3,2023,1,0,60
2023-03-02,130.0,227.0,192.0,7870.0,335.0,3,3,2023,1,0,61
2023-03-03,121.6,224.4,185.6,7867.8,319.8,4,3,2023,1,0,62
2023-03-04,113.2,221.8,179.2,7865.6,304.6,5,3,2023,1,1,63
2023-03-05,104.8,219.2,172.8,7863.4,289.4,6,3,2023,1,1,64
2023-03-06,96.4,216.6,166.4,7861.2,274.2,0,3,2023,1,0,65
2023-03-07,88.0,214.0,160.0,7859.0,259.0,1,3,2023,1,0,66
2023-03-08,113.0,208.0,159.0,7885.0,291.0,2,3,2023,1,0,67
2023-03-09,174.0,285.0,150.0,7786.0,340.0,3,3,2023,1,0,68
2023-03-10,156.5,271.25,164.0,7731.25,317.25,4,3,2023,1,0,69
2023-03-11,139.0,257.5,178.0,7676.5,294.5,5,3,2023,1,1,70
2023-03-12,121.5,243.75,192.0,7621.75,271.75,6,3,2023,1,1,71
2023-03-13,104.0,230.0,206.0,7567.0,249.0,0,3,2023,1,0,72
2023-03-14,147.0,276.0,214.0,7810.0,181.0,1,3,2023,1,0,73
2023-03-15,108.0,220.0,213.0,7915.0,286.0,2,3,2023,1,0,74
2023-03-16,180.0,280.0,146.0,7989.0,308.0,3,3,2023,1,0,75
2023-03-17,164.66666666666666,284.6666666666667,159.33333333333334,7954.333333333333,307.3333333333333,4,3,2023,1,0,76
2023-03-18,149.33333333333334,289.3333333333333,172.66666666666666,7919.666666666667,306.6666666666667,5,3,2023,1,1,77
2023-03-19,134.0,294.0,186.0,7885.0,306.0,6,3,2023,1,1,78
2023-03-20,202.0,313.0,158.0,7931.0,279.0,0,3,2023,1,0,79
2023-03-21,110.0,272.0,193.0,8050.0,221.0,1,3,2023,1,0,80
2023-03-22,166.0,277.0,229.0,8097.0,246.0,2,3,2023,1,0,81
2023-03-23,136.0,276.0,178.0,8102.0,331.0,3,3,2023,1,0,82
2023-03-24,119.66666666666667,266.0,176.33333333333334,8017.0,338.0,4,3,2023,1,0,83
2023-03-25,103.33333333333334,256.0,174.66666666666666,7932.0,345.0,5,3,2023,1,1,84
2023-03-26,87.0,246.0,173.0,7847.0,352.0,6,3,2023,1,1,85
2023-03-27,84.0,171.0,157.0,7994.0,235.0,0,3,2023,1,0,86
2023-03-28,167.0,209.0,157.0,8079.0,223.0,1,3,2023,1,0,87
2023-03-29,109.0,245.0,159.0,8208.0,267.0,2,3,2023,1,0,88
2023-03-30,156.0,256.0,176.0,8158.0,359.0,3,3,2023,1,0,89
2023-03-31,145.66666666666666,248.0,181.33333333333334,8099.0,340.6666666666667,4,3,2023,1,0,90
2023-04-01,135.33333333333334,240.0,186.66666666666666,8040.0,322.3333333333333,5,4,2023,2,1,91
2023-04-02,125.0,232.0,192.0,7981.0,304.0,6,4,2023,2,1,92
2023-04-03,118.0,139.0,168.0,8054.0,284.0,0,4,2023,2,0,93
2023-04-04,142.0,235.0,139.0,8068.0,259.0,1,4,2023,2,0,94
2023-04-05,148.0,245.0,175.0,8175.0,260.0,2,4,2023,2,0,95
2023-04-06,119.0,219.0,210.0,8178.0,284.0,3,4,2023,2,0,96
2023-04-07,114.33333333333333,216.0,189.66666666666666,8085.333333333333,299.0,4,4,2023,2,0,97
2023-04-08,109.66666666666667,213.0,169.33333333333334,7992.666666666667,314.0,5,4,2023,2,1,98
2023-04-09,105.0,210.0,149.0,7900.0,329.0,6,4,2023,2,1,99
2023-04-10,143.0,203.0,163.0,7826.0,265.0,0,4,2023,2,0,100
2023-04-11,119.0,209.0,152.0,7922.0,187.0,1,4,2023,2,0,101
2023-04-12,155.0,212.0,181.0,7876.0,283.0,2,4,2023,2,0,102
2023-04-13,109.0,214.0,173.0,7795.0,370.0,3,4,2023,2,0,103
2023-04-14,136.33333333333334,237.0,179.33333333333334,7656.666666666667,337.3333333333333,4,4,2023,2,0,104
2023-04-15,163.66666666666666,260.0,185.66666666666666,7518.333333333333,304.6666666666667,5,4,2023,2,1,105
2023-04-16,191.0,283.0,192.0,7380.0,272.0,6,4,2023,2,1,106
2023-04-17,170.0,297.0,196.0,7344.0,248.0,0,4,2023,2,0,107
2023-04-18,152.0,272.0,214.0,7376.0,234.0,1,4,2023,2,0,108
2023-04-19,239.0,367.0,224.0,7356.0,229.0,2,4,2023,2,0,109
2023-04-20,113.0,280.0,237.0,7490.0,320.0,3,4,2023,2,0,110
2023-04-21,140.66666666666666,288.6666666666667,220.33333333333334,7504.666666666667,302.0,4,4,2023,2,0,111
2023-04-22,168.33333333333334,297.3333333333333,203.66666666666666,7519.333333333333,284.0,5,4,2023,2,1,112
2023-04-23,196.0,306.0,187.0,7534.0,266.0,6,4,2023,2,1,113
2023-04-24,236.0,330.0,222.0,7796.0,213.0,0,4,2023,2,0,114
2023-04-25,81.0,230.0,242.0,8017.0,202.0,1,4,2023,2,0,115
2023-04-26,118.0,245.0,160.0,8117.0,256.0,2,4,2023,2,0,116
2023-04-27,218.0,283.0,208.0,8159.0,310.0,3,4,2023,2,0,117
2023-04-28,189.33333333333334,269.6666666666667,199.66666666666666,8223.333333333334,304.3333333333333,4,4,2023,2,0,118
2023-04-29,160.66666666666666,256.3333333333333,191.33333333333334,8287.666666666666,298.6666666666667,5,4,2023,2,1,119
2023-04-30,132.0,243.0,183.0,8352.0,293.0,6,4,2023,2,1,120
2023-05-01,224.0,315.0,152.0,8492.0,237.0,0,5,2023,2,0,121
2023-05-02,167.0,326.0,213.0,8654.0,245.0,1,5,2023,2,0,122
2023-05-03,209.0,353.0,232.0,8704.0,267.0,2,5,2023,2,0,123
2023-05-04,153.0,253.0,286.0,8790.0,332.0,3,5,2023,2,0,124
2023-05-05,162.0,281.0,263.6666666666667,8688.333333333334,346.3333333333333,4,5,2023,2,0,125
2023-05-06,171.0,309.0,241.33333333333334,8586.666666666666,360.6666666666667,5,5,2023,2,1,126
2023-05-07,180.0,337.0,219.0,8485.0,375.0,6,5,2023,2,1,127
2023-05-08,133.0,287.0,189.0,8590.0,261.0,0,5,2023,2,0,128
2023-05-09,187.0,310.0,247.0,8606.0,250.0,1,5,2023,2,0,129
2023-05-10,168.0,285.0,210.0,8681.0,304.0,2,5,2023,2,0,130
2023-05-11,269.0,412.0,204.0,8672.0,392.0,3,5,2023,2,0,131
2023-05-12,212.66666666666666,359.6666666666667,214.66666666666666,8596.333333333334,357.3333333333333,4,5,2023,2,0,132
2023-05-13,156.33333333333331,307.3333333333333,225.33333333333334,8520.666666666666,322.6666666666667,5,5,2023,2,1,133
2023-05-14,100.0,255.0,236.0,8445.0,288.0,6,5,2023,2,1,134
2023-05-15,205.0,294.0,177.0,8571.0,277.0,0,5,2023,2,0,135
2023-05-16,161.0,304.0,211.0,8572.0,272.0,1,5,2023,2,0,136
2023-05-17,57.0,162.0,193.0,8569.0,307.0,2,5,2023,2,0,137
2023-05-18,80.0,122.0,152.0,8474.0,351.0,3,5,2023,2,0,138
2023-05-19,89.0,138.0,145.66666666666666,8258.0,348.3333333333333,4,5,2023,2,0,139
2023-05-20,98.0,154.0,139.33333333333334,8042.0,345.6666666666667,5,5,2023,2,1,140
2023-05-21,107.0,170.0,133.0,7826.0,343.0,6,5,2023,2,1,141
2023-05-22,99.0,156.0,139.0,7848.0,240.0,0,5,2023,2,0,142
2023-05-23,25.0,66.0,94.0,7788.0,246.0,1,5,2023,2,0,143
2023-05-24,35.0,70.0,53.0,7709.0,276.0,2,5,2023,2,0,144
2023-05-25,43.0,73.0,64.0,7546.0,408.0,3,5,2023,2,0,145
2023-05-26,42.5,69.75,65.75,7408.5,357.75,4,5,2023,2,0,146
2023-05-27,42.0,66.5,67.5,7271.0,307.5,5,5,2023,2,1,147
2023-05-28,41.5,63.25,69.25,7133.5,257.25,6,5,2023,2,1,148
2023-05-29,41.0,60.0,71.0,6996.0,207.0,0,5,2023,2,0,149
2023-05-30,65.0,83.0,65.0,7046.0,168.0,1,5,2023,2,0,150
2023-05-31,38.0,80.0,82.0,7053.0,210.0,2,5,2023,2,0,151
2023-06-01,56.0,82.0,68.0,7002.0,287.0,3,6,2023,2,0,152
2023-06-02,62.0,89.0,72.0,6853.0,288.6666666666667,4,6,2023,2,0,153
2023-06-03,68.0,96.0,76.0,6704.0,290.3333333333333,5,6,2023,2,1,154
2023-06-04,74.0,103.0,80.0,6555.0,292.0,6,6,2023,2,1,155
2023-06-05,68.0,107.0,102.0,6523.0,189.0,0,6,2023,2,0,156
2023-06-06,92.0,124.0,93.0,6508.0,187.0,1,6,2023,2,0,157
2023-06-07,113.0,162.0,107.0,6483.0,208.0,2,6,2023,2,0,158
2023-06-08,106.0,196.0,131.0,6446.0,255.0,3,6,2023,2,0,159
2023-06-09,99.33333333333333,181.33333333333334,143.33333333333334,6299.666666666667,249.33333333333334,4,6,2023,2,0,160
2023-06-10,92.66666666666667,166.66666666666666,155.66666666666666,6153.333333333333,243.66666666666666,5,6,2023,2,1,161
2023-06-11,86.0,152.0,168.0,6007.0,238.0,6,6,2023,2,1,162
2023-06-12,84.0,118.0,136.0,6021.0,177.0,0,6,2023,2,0,163
2023-06-13,59.0,64.0,117.0,6061.0,146.0,1,6,2023,2,0,164
2023-06-14,62.0,97.0,52.0,6065.0,167.0,2,6,2023,2,0,165
2023-06-15,91.0,75.0,97.0,6038.0,272.0,3,6,2023,2,0,166
2023-06-16,75.5,69.0,75.5,5948.25,239.5,4,6,2023,2,0,167
2023-06-17,60.0,63.0,54.0,5858.5,207.0,5,6,2023,2,1,168
2023-06-18,44.5,57.0,32.5,5768.75,174.5,6,6,2023,2,1,169
2023-06-19,29.0,51.0,11.0,5679.0,142.0,0,6,2023,2,0,170
2023-06-20,33.0,53.0,34.0,5904.0,134.0,1,6,2023,2,0,171
2023-06-21,93.0,196.0,169.0,5922.0,149.0,2,6,2023,2,0,172
2023-06-22,124.0,234.0,161.0,5956.0,207.0,3,6,2023,2,0,173
2023-06-23,113.33333333333333,223.66666666666666,165.0,5892.666666666667,225.66666666666666,4,6,2023,2,0,174
2023-06-24,102.66666666666667,213.33333333333334,169.0,5829.333333333333,244.33333333333334,5,6,2023,2,1,175
2023-06-25,92.0,203.0,173.0,5766.0,263.0,6,6,2023,2,1,176
2023-06-26,186.0,259.0,172.0,5819.0,174.0,0,6,2023,2,0,177
2023-06-27,154.0,225.0,220.0,5917.0,155.0,1,6,2023,2,0,178
2023-06-28,91.0,199.0,172.0,5999.0,174.0,2,6,2023,2,0,179
2023-06-29,81.0,213.0,153.0,6058.0,213.0,3,6,2023,2,0,180
2023-06-30,123.66666666666666,237.0,163.33333333333334,6006.333333333333,245.0,4,6,2023,2,0,181
2023-07-01,166.33333333333331,261.0,173.66666666666666,5954.666666666667,277.0,5,7,2023,3,1,182
2023-07-02,209.0,285.0,184.0,5903.0,309.0,6,7,2023,3,1,183
2023-07-03,196.5,299.5,200.5,6015.0,216.5,0,7,2023,3,0,184
2023-07-04,184.0,314.0,217.0,6127.0,124.0,1,7,2023,3,0,185
2023-07-05,107.0,215.0,230.0,6193.0,167.0,2,7,2023,3,0,186
2023-07-06,101.0,162.0,178.0,6239.0,205.0,3,7,2023,3,0,187
2023-07-07,100.33333333333333,171.33333333333334,177.33333333333334,6230.666666666667,202.0,4,7,2023,3,0,188
2023-07-08,99.66666666666667,180.66666666666666,176.66666666666666,6222.333333333333,199.0,5,7,2023,3,1,189
2023-07-09,99.0,190.0,176.0,6214.0,196.0,6,7,2023,3,1,190
2023-07-10,167.0,239.0,166.0,6346.0,163.0,0,7,2023,3,0,191
2023-07-11,115.0,216.0,169.0,6498.0,143.0,1,7,2023,3,0,192
2023-07-12,84.0,158.0,193.0,6521.0,210.0,2,7,2023,3,0,193
2023-07-13,130.0,227.0,192.0,6604.0,226.0,3,7,2023,3,0,194
2023-07-14,116.0,222.66666666666666,181.33333333333334,6558.666666666667,223.33333333333334,4,7,2023,3,0,195
2023-07-15,102.0,218.33333333333334,170.66666666666666,6513.333333333333,220.66666666666666,5,7,2023,3,1,196
2023-07-16,88.0,214.0,160.0,6468.0,218.0,6,7,2023,3,1,197
2023-07-17,113.0,208.0,159.0,6632.0,160.0,0,7,2023,3,0,198
2023-07-18,174.0,285.0,150.0,6874.0,181.0,1,7,2023,3,0,199
2023-07-19,104.0,230.0,206.0,7001.0,226.0,2,7,2023,3,0,200
2023-07-20,147.0,276.0,214.0,7116.0,281.0,3,7,2023,3,0,201
2023-07-21,134.0,257.3333333333333,213.66666666666666,7094.666666666667,279.3333333333333,4,7,2023,3,0,202
2023-07-22,121.0,238.66666666666666,213.33333333333334,7073.333333333333,277.6666666666667,5,7,2023,3,1,203
2023-07-23,108.0,220.0,213.0,7052.0,276.0,6,7,2023,3,1,204
2023-07-24,180.0,280.0,146.0,7220.0,187.0,0,7,2023,3,0,205
2023-07-25,134.0,294.0,186.0,7510.0,136.0,1,7,2023,3,0,206
2023-07-26,202.0,313.0,158.0,7647.0,215.0,2,7,2023,3,0,207
2023-07-27,110.0,272.0,193.0,7754.0,259.0,3,7,2023,3,0,208
2023-07-28,128.66666666666666,273.6666666666667,205.0,7726.333333333333,274.3333333333333,4,7,2023,3,0,209
2023-07-29,147.33333333333334,275.3333333333333,217.0,7698.666666666667,289.6666666666667,5,7,2023,3,1,210
2023-07-30,166.0,277.0,229.0,7671.0,305.0,6,7,2023,3,1,211
2023-07-31,136.0,276.0,178.0,7800.0,220.0,0,7,2023,3,0,212
2023-08-01,87.0,246.0,173.0,8103.0,168.0,1,8,2023,3,0,213
2023-08-02,84.0,171.0,157.0,8261.0,271.0,2,8,2023,3,0,214
2023-08-03,167.0,209.0,157.0,8294.0,339.0,3,8,2023,3,0,215
2023-08-04,147.66666666666666,221.0,157.66666666666666,8295.333333333334,333.3333333333333,4,8,2023,3,0,216
2023-08-05,128.33333333333334,233.0,158.33333333333334,8296.666666666666,327.6666666666667,5,8,2023,3,1,217
2023-08-06,109.0,245.0,159.0,8298.0,322.0,6,8,2023,3,1,218
2023-08-07,156.0,256.0,176.0,8493.0,202.0,0,8,2023,3,0,219
2023-08-08,125.0,232.0,192.0,8725.0,207.0,1,8,2023,3,0,220
2023-08-09,118.0,139.0,168.0,8888.0,251.0,2,8,2023,3,0,221
2023-08-10,142.0,235.0,139.0,8914.0,353.0,3,8,2023,3,0,222
2023-08-11,143.0,236.66666666666666,145.0,9034.0,342.1666666666667,4,8,2023,3,0,223
2023-08-12,144.0,238.33333333333334,151.0,9154.0,331.3333333333333,5,8,2023,3,1,224
2023-08-13,145.0,240.0,157.0,9274.0,320.5,6,8,2023,3,1,225
2023-08-14,146.0,241.66666666666666,163.0,9394.0,309.6666666666667,0,8,2023,3,0,226
2023-08-15,147.0,243.33333333333334,169.0,9514.0,298.8333333333333,1,8,2023,3,0,227
2023-08-16,148.0,245.0,175.0,9634.0,288.0,2,8,2023,3,0,228
2023-08-17,119.0,219.0,210.0,9694.0,407.0,3,8,2023,3,0,229
2023-08-18,114.33333333333333,216.0,189.66666666666666,9623.666666666666,401.3333333333333,4,8,2023,3,0,230
2023-08-19,109.66666666666667,213.0,169.33333333333334,9553.333333333334,395.6666666666667,5,8,2023,3,1,231
2023-08-20,105.0,210.0,149.0,9483.0,390.0,6,8,2023,3,1,232
2023-08-21,143.0,203.0,163.0,9668.0,281.0,0,8,2023,3,0,233
2023-08-22,119.0,209.0,152.0,9921.0,230.0,1,8,2023,3,0,234
2023-08-23,155.0,212.0,181.0,10071.0,285.0,2,8,2023,3,0,235
2023-08-24,109.0,214.0,173.0,10026.0,443.0,3,8,2023,3,0,236
2023-08-25,136.33333333333334,237.0,179.33333333333334,9975.0,458.0,4,8,2023,3,0,237
2023-08-26,163.66666666666666,260.0,185.66666666666666,9924.0,473.0,5,8,2023,3,1,238
2023-08-27,191.0,283.0,192.0,9873.0,488.0,6,8,2023,3,1,239
2023-08-28,170.0,297.0,196.0,10012.0,388.0,0,8,2023,3,0,240
2023-08-29,152.0,272.0,214.0,10180.0,286.0,1,8,2023,3,0,241
2023-08-30,239.0,367.0,224.0,10280.0,366.0,2,8,2023,3,0,242
2023-08-31,113.0,280.0,237.0,10140.0,505.0,3,8,2023,3,0,243
2023-09-01,133.75,286.5,224.5,10102.0,452.0,4,9,2023,3,0,244
2023-09-02,154.5,293.0,212.0,10064.0,399.0,5,9,2023,3,1,245
2023-09-03,175.25,299.5,199.5,10026.0,346.0,6,9,2023,3,1,246
2023-09-04,196.0,306.0,187.0,9988.0,293.0,0,9,2023,3,0,247
2023-09-05,236.0,330.0,222.0,10142.0,243.0,1,9,2023,3,0,248
2023-09-06,81.0,230.0,242.0,10356.0,291.0,2,9,2023,3,0,249
2023-09-07,118.0,245.0,160.0,10419.0,398.0,3,9,2023,3,0,250
2023-09-08,151.33333333333334,257.6666666666667,176.0,10373.333333333334,392.6666666666667,4,9,2023,3,0,251
2023-09-09,184.66666666666669,270.3333333333333,192.0,10327.666666666666,387.3333333333333,5,9,2023,3,1,252
2023-09-10,218.0,283.0,208.0,10282.0,382.0,6,9,2023,3,1,253
2023-09-11,132.0,243.0,183.0,10492.0,277.0,0,9,2023,3,0,254
2023-09-12,224.0,315.0,152.0,10649.0,316.0,1,9,2023,3,0,255
2023-09-13,167.0,326.0,213.0,10678.0,343.0,2,9,2023,3,0,256
2023-09-14,209.0,353.0,232.0,10837.0,414.0,3,9,2023,3,0,257
2023-09-15,190.33333333333334,319.6666666666667,250.0,10824.333333333334,418.3333333333333,4,9,2023,3,0,258
2023-09-16,171.66666666666666,286.3333333333333,268.0,10811.666666666666,422.6666666666667,5,9,2023,3,1,259
2023-09-17,153.0,253.0,286.0,10799.0,427.0,6,9,2023,3,1,260
2023-09-18,180.0,337.0,219.0,10892.0,313.0,0,9,2023,3,0,261
2023-09-19,133.0,287.0,189.0,11095.0,260.0,1,9,2023,3,0,262
2023-09-20,187.0,310.0,247.0,11064.0,364.0,2,9,2023,3,0,263
2023-09-21,168.0,285.0,210.0,11067.0,428.0,3,9,2023,3,0,264
2023-09-22,201.66666666666666,327.3333333333333,208.0,10959.333333333334,419.6666666666667,4,9,2023,3,0,265
2023-09-23,235.33333333333331,369.6666666666667,206.0,10851.666666666666,411.3333333333333,5,9,2023,3,1,266
2023-09-24,269.0,412.0,204.0,10744.0,403.0,6,9,2023,3,1,267
2023-09-25,100.0,255.0,236.0,10842.0,284.0,0,9,2023,3,0,268
2023-09-26,205.0,294.0,177.0,10978.0,332.0,1,9,2023,3,0,269
2023-09-27,161.0,304.0,211.0,11017.0,331.0,2,9,2023,3,0,270
2023-09-28,57.0,162.0,193.0,10984.0,447.0,3,9,2023,3,0,271
2023-09-29,64.66666666666667,148.66666666666666,179.33333333333334,10855.333333333334,462.3333333333333,4,9,2023,3,0,272
2023-09-30,72.33333333333333,135.33333333333334,165.66666666666666,10726.666666666666,477.6666666666667,5,9,2023,3,1,273
2023-10-01,80.0,122.0,152.0,10598.0,493.0,6,10,2023,4,1,274
2023-10-02,107.0,170.0,133.0,10724.0,284.0,0,10,2023,4,0,275
2023-10-03,99.0,156.0,139.0,10818.0,287.0,1,10,2023,4,0,276
2023-10-04,25.0,66.0,94.0,10963.0,330.0,2,10,2023,4,0,277
2023-10-05,35.0,70.0,53.0,11130.0,427.0,3,10,2023,4,0,278
2023-10-06,37.0,70.75,55.75,11051.25,390.75,4,10,2023,4,0,279
2023-10-07,39.0,71.5,58.5,10972.5,354.5,5,10,2023,4,1,280
2023-10-08,41.0,72.25,61.25,10893.75,318.25,6,10,2023,4,1,281
2023-10-09,43.0,73.0,64.0,10815.0,282.0,0,10,2023,4,0,282
2023-10-10,41.0,60.0,71.0,10910.0,257.0,1,10,2023,4,0,283
2023-10-11,65.0,83.0,65.0,10960.0,266.0,2,10,2023,4,0,284
2023-10-12,38.0,80.0,82.0,10992.0,398.0,3,10,2023,4,0,285
2023-10-13,44.0,80.66666666666667,77.33333333333333,10851.666666666666,410.0,4,10,2023,4,0,286
2023-10-14,50.0,81.33333333333333,72.66666666666667,10711.333333333334,422.0,5,10,2023,4,1,287
2023-10-15,56.0,82.0,68.0,10571.0,434.0,6,10,2023,4,1,288
2023-10-16,74.0,103.0,80.0,10629.0,331.0,0,10,2023,4,0,289
2023-10-17,68.0,107.0,102.0,10630.0,315.0,1,10,2023,4,0,290
2023-10-18,92.0,124.0,93.0,10511.0,393.0,2,10,2023,4,0,291
2023-10-19,113.0,162.0,107.0,10319.0,406.0,3,10,2023,4,0,292
2023-10-20,110.66666666666667,173.33333333333334,115.0,10048.0,422.0,4,10,2023,4,0,293
2023-10-21,108.33333333333333,184.66666666666666,123.0,9777.0,438.0,5,10,2023,4,1,294
2023-10-22,106.0,196.0,131.0,9506.0,454.0,6,10,2023,4,1,295
2023-10-23,86.0,152.0,168.0,9436.0,327.0,0,10,2023,4,0,296
2023-10-24,84.0,118.0,136.0,9396.0,300.0,1,10,2023,4,0,297
2023-10-25,59.0,64.0,117.0,9351.0,293.0,2,10,2023,4,0,298
2023-10-26,62.0,97.0,52.0,9235.0,390.0,3,10,2023,4,0,299
2023-10-27,71.66666666666667,89.66666666666667,67.0,9131.666666666666,399.3333333333333,4,10,2023,4,0,300
2023-10-28,81.33333333333333,82.33333333333333,82.0,9028.333333333334,408.6666666666667,5,10,2023,4,1,301
2023-10-29,91.0,75.0,97.0,8925.0,418.0,6,10,2023,4,1,302
2023-10-30,29.0,51.0,11.0,9026.0,278.0,0,10,2023,4,0,303
2023-10-31,33.0,53.0,34.0,9072.0,295.0,1,10,2023,4,0,304
2023-11-01,132.0,235.0,197.0,9250.0,279.0,2,11,2023,4,0,305
2023-11-02,174.0,208.0,256.0,9442.0,330.0,3,11,2023,4,0,306
2023-11-03,157.0,215.33333333333334,226.33333333333334,9385.666666666666,343.3333333333333,4,11,2023,4,0,307
2023-11-04,140.0,222.66666666666666,196.66666666666666,9329.333333333334,356.6666666666667,5,11,2023,4,1,308
2023-11-05,123.0,230.0,167.0,9273.0,370.0,6,11,2023,4,1,309
2023-11-06,123.0,233.0,159.0,9286.0,316.0,0,11,2023,4,0,310
2023-11-07,141.0,232.0,188.0,9483.0,231.0,1,11,2023,4,0,311
2023-11-08,158.0,226.0,191.0,9634.0,310.0,2,11,2023,4,0,312
2023-11-09,142.5,209.5,201.5,9594.75,310.75,3,11,2023,4,0,313
2023-11-10,127.0,193.0,212.0,9555.5,311.5,4,11,2023,4,0,314
2023-11-11,111.5,176.5,222.5,9516.25,312.25,5,11,2023,4,1,315
2023-11-12,96.0,160.0,233.0,9477.0,313.0,6,11,2023,4,1,316
2023-11-13,141.0,173.0,129.0,9510.0,287.0,0,11,2023,4,0,317
2023-11-14,116.0,181.0,182.0,9665.0,247.0,1,11,2023,4,0,318
2023-11-15,150.0,157.0,201.0,9762.0,316.0,2,11,2023,4,0,319
2023-11-16,80.0,176.0,125.0,9762.0,374.0,3,11,2023,4,0,320
2023-11-17,92.0,180.0,138.0,9699.0,394.3333333333333,4,11,2023,4,0,321
2023-11-18,104.0,184.0,151.0,9636.0,414.6666666666667,5,11,2023,4,1,322
2023-11-19,116.0,188.0,164.0,9573.0,435.0,6,11,2023,4,1,323
2023-11-20,105.0,185.0,158.0,9638.0,298.0,0,11,2023,4,0,324
2023-11-21,136.0,246.0,123.0,9804.0,250.0,1,11,2023,4,0,325
2023-11-22,132.0,237.0,150.0,9821.0,266.5,2,11,2023,4,0,326
2023-11-23,128.0,228.0,177.0,9838.0,283.0,3,11,2023,4,0,327
2023-11-24,115.33333333333333,217.33333333333334,186.33333333333334,9840.333333333334,292.6666666666667,4,11,2023,4,0,328
2023-11-25,102.66666666666667,206.66666666666666,195.66666666666666,9842.666666666666,302.3333333333333,5,11,2023,4,1,329
2023-11-26,90.0,196.0,205.0,9845.0,312.0,6,11,2023,4,1,330
2023-11-27,56.0,82.0,68.0,10123.0,214.0,0,11,2023,4,0,331
2023-11-28,74.0,103.0,80.0,10223.0,223.0,1,11,2023,4,0,332
2023-11-29,68.0,107.0,102.0,10398.0,284.0,2,11,2023,4,0,333
2023-11-30,92.0,124.0,93.0,10536.0,320.0,3,11,2023,4,0,334
2023-12-01,105.33333333333333,161.0,127.66666666666666,10550.333333333334,352.3333333333333,4,12,2023,4,0,335
2023-12-02,118.66666666666667,198.0,162.33333333333331,10564.666666666666,384.6666666666667,5,12,2023,4,1,336
2023-12-03,132.0,235.0,197.0,10579.0,417.0,6,12,2023,4,1,337
2023-12-04,174.0,208.0,256.0,10635.0,273.0,0,12,2023,4,0,338
2023-12-05,123.0,230.0,167.0,10761.0,261.0,1,12,2023,4,0,339
2023-12-06,123.0,233.0,159.0,10832.0,376.0,2,12,2023,4,0,340
2023-12-07,141.0,232.0,188.0,10897.0,466.0,3,12,2023,4,0,341
2023-12-08,146.66666666666666,230.0,189.0,10888.333333333334,447.6666666666667,4,12,2023,4,0,342
2023-12-09,152.33333333333334,228.0,190.0,10879.666666666666,429.3333333333333,5,12,2023,4,1,343
2023-12-10,158.0,226.0,191.0,10871.0,411.0,6,12,2023,4,1,344
2023-12-11,96.0,160.0,233.0,10998.0,304.0,0,12,2023,4,0,345
2023-12-12,141.0,173.0,129.0,11077.0,259.0,1,12,2023,4,0,346
2023-12-13,116.0,181.0,182.0,11192.0,335.0,2,12,2023,4,0,347
2023-12-14,150.0,157.0,201.0,11242.0,396.0,3,12,2023,4,0,348
2023-12-15,126.66666666666667,163.33333333333334,175.66666666666666,11192.0,416.0,4,12,2023,4,0,349
2023-12-16,103.33333333333334,169.66666666666666,150.33333333333334,11142.0,436.0,5,12,2023,4,1,350
2023-12-17,80.0,176.0,125.0,11092.0,456.0,6,12,2023,4,1,351
2023-12-18,116.0,188.0,164.0,11149.0,364.0,0,12,2023,4,0,352
2023-12-19,105.0,185.0,158.0,11291.0,272.0,1,12,2023,4,0,353
2023-12-20,136.0,246.0,123.0,11516.0,390.0,2,12,2023,4,0,354
2023-12-21,128.0,228.0,177.0,11375.0,497.0,3,12,2023,4,0,355
2023-12-22,118.5,220.0,184.0,11317.25,459.5,4,12,2023,4,0,356
2023-12-23,109.0,212.0,191.0,11259.5,422.0,5,12,2023,4,1,357
2023-12-24,99.5,204.0,198.0,11201.75,384.5,6,12,2023,4,1,358
2023-12-25,90.0,196.0,205.0,11144.0,347.0,0,12,2023,4,0,359
2023-12-26,56.0,82.0,68.0,11217.0,288.0,1,12,2023,4,0,360
2023-12-27,74.0,103.0,80.0,11206.0,335.0,2,12,2023,4,0,361
2023-12-28,68.0,107.0,102.0,11230.0,357.0,3,12,2023,4,0,362
2023-12-29,74.0,111.25,99.75,11140.0,340.25,4,12,2023,4,0,363
2023-12-30,80.0,115.5,97.5,11050.0,323.5,5,12,2023,4,1,364
2023-12-31,86.0,119.75,95.25,10960.0,306.75,6,12,2023,4,1,365
2024-01-01,92.0,124.0,93.0,10870.0,290.0,0,1,2024,1,0,1
2024-01-02,113.0,162.0,107.0,10770.0,316.0,1,1,2024,1,0,2
2024-01-03,106.0,196.0,131.0,10718.0,263.0,2,1,2024,1,0,3
2024-01-04,86.0,152.0,168.0,10558.0,362.0,3,1,2024,1,0,4
2024-01-05,85.33333333333333,140.66666666666666,157.33333333333334,10262.0,363.6666666666667,4,1,2024,1,0,5
2024-01-06,84.66666666666667,129.33333333333334,146.66666666666666,9966.0,365.3333333333333,5,1,2024,1,1,6
2024-01-07,84.0,118.0,136.0,9670.0,367.0,6,1,2024,1,1,7
2024-01-08,59.0,64.0,117.0,9670.0,367.0,0,1,2024,1,0,8
2024-01-09,62.0,97.0,52.0,9311.0,286.0,1,1,2024,1,0,9
2024-01-10,91.0,75.0,97.0,9144.0,349.0,2,1,2024,1,0,10
2024-01-11,29.0,51.0,11.0,8829.0,476.0,3,1,2024,1,0,11
2024-01-12,30.0,51.5,16.75,8630.0,415.5,4,1,2024,1,0,12
2024-01-13,31.0,52.0,22.5,8431.0,355.0,5,1,2024,1,1,13
2024-01-14,32.0,52.5,28.25,8232.0,294.5,6,1,2024,1,1,14
2024-01-15,33.0,53.0,34.0,8033.0,234.0,0,1,2024,1,0,15
2024-01-16,32.0,49.0,39.0,8133.0,188.0,1,1,2024,1,0,16
2024-01-17,80.0,176.0,125.0,8072.0,353.0,2,1,2024,1,0,17
2024-01-18,116.0,188.0,164.0,8042.0,359.0,3,1,2024,1,0,18
2024-01-19,112.33333333333333,187.0,162.0,8019.333333333333,363.0,4,1,2024,1,0,19
2024-01-20,108.66666666666667,186.0,160.0,7996.666666666667,367.0,5,1,2024,1,1,20
2024-01-21,105.0,185.0,158.0,7974.0,371.0,6,1,2024,1,1,21
2024-01-22,136.0,246.0,123.0,8008.0,222.0,0,1,2024,1,0,22
2024-01-23,128.0,228.0,177.0,8133.0,202.0,1,1,2024,1,0,23
2024-01-24,90.0,196.0,205.0,8212.0,243.0,2,1,2024,1,0,24
2024-01-25,102.0,189.0,155.0,8180.0,293.0,3,1,2024,1,0,25
2024-01-26,108.0,211.66666666666666,145.33333333333334,8121.333333333333,297.6666666666667,4,1,2024,1,0,26
2024-01-27,114.0,234.33333333333334,135.66666666666666,8062.666666666667,302.3333333333333,5,1,2024,1,1,27
2024-01-28,120.0,257.0,126.0,8004.0,307.0,6,1,2024,1,1,28
2024-01-29,137.0,272.0,166.0,8057.0,195.0,0,1,2024,1,0,29
2024-01-30,93.0,198.0,208.0,8182.0,187.0,1,1,2024,1,0,30
2024-01-31,203.0,477.0,258.0,8153.0,266.0,2,1,2024,1,0,31
2024-02-01,222.0,459.0,289.0,8026.0,337.0,3,2,2024,1,0,32
2024-02-02,232.33333333333334,483.0,275.3333333333333,7955.0,338.6666666666667,4,2,2024,1,0,33
2024-02-03,242.66666666666666,507.0,261.6666666666667,7884.0,340.3333333333333,5,2,2024,1,1,34
2024-02-04,253.0,531.0,248.0,7813.0,342.0,6,2,2024,1,1,35
2024-02-05,157.0,466.0,345.0,7872.0,242.0,0,2,2024,1,0,36
2024-02-06,291.0,455.0,323.0,8045.0,178.0,1,2,2024,1,0,37
2024-02-07,227.0,453.0,330.0,8160.0,222.0,2,2,2024,1,0,38
2024-02-08,298.0,499.0,358.0,8188.0,315.0,3,2,2024,1,0,39
2024-02-09,267.0,504.3333333333333,314.0,8144.0,325.6666666666667,4,2,2024,1,0,40
2024-02-10,236.0,509.6666666666667,270.0,8100.0,336.3333333333333,5,2,2024,1,1,41
2024-02-11,205.0,515.0,226.0,8056.0,347.0,6,2,2024,1,1,42
2024-02-12,213.0,430.0,440.0,8092.0,234.0,0,2,2024,1,0,43
2024-02-13,227.0,369.0,349.0,8348.0,160.0,1,2,2024,1,0,44
2024-02-14,185.0,322.0,272.0,8512.0,230.0,2,2,2024,1,0,45
2024-02-15,333.0,508.0,272.0,8463.0,312.0,3,2,2024,1,0,46
2024-02-16,312.0,486.0,296.75,8442.25,288.5,4,2,2024,1,0,47
2024-02-17,291.0,464.0,321.5,8421.5,265.0,5,2,2024,1,1,48
2024-02-18,270.0,442.0,346.25,8400.75,241.5,6,2,2024,1,1,49
2024-02-19,249.0,420.0,371.0,8380.0,218.0,0,2,2024,1,0,50
2024-02-20,149.0,395.0,273.0,8488.0,192.0,1,2,2024,1,0,51
2024-02-21,232.0,430.0,318.0,8573.0,231.0,2,2,2024,1,0,52
2024-02-22,165.0,400.0,292.0,8607.0,293.0,3,2,2024,1,0,53
2024-02-23,191.33333333333334,427.3333333333333,316.6666666666667,8539.333333333334,305.0,4,2,2024,1,0,54
2024-02-24,217.66666666666666,454.6666666666667,341.3333333333333,8471.666666666666,317.0,5,2,2024,1,1,55
2024-02-25,244.0,482.0,366.0,8404.0,329.0,6,2,2024,1,1,56
2024-02-26,199.0,438.0,326.0,8404.0,329.0,0,2,2024,1,0,57
2024-02-27,197.0,369.0,306.0,8650.0,206.0,1,2,2024,1,0,58
2024-02-28,209.0,447.0,274.0,8699.0,257.0,2,2,2024,1,0,59
2024-02-29,262.0,444.0,354.0,8724.0,299.0,3,2,2024,1,0,60
2024-03-01,253.33333333333334,452.0,351.6666666666667,8680.666666666666,317.3333333333333,4,3,2024,1,0,61
2024-03-02,244.66666666666666,460.0,349.3333333333333,8637.333333333334,335.6666666666667,5,3,2024,1,1,62
2024-03-03,236.0,468.0,347.0,8594.0,354.0,6,3,2024,1,1,63
2024-03-04,225.0,509.0,340.0,8660.0,229.0,0,3,2024,1,0,64
2024-03-05,246.0,472.0,345.0,8800.0,214.0,1,3,2024,1,0,65
2024-03-06,230.0,457.0,277.0,8870.0,232.0,2,3,2024,1,0,66
2024-03-07,181.0,424.0,328.0,8902.0,305.0,3,3,2024,1,0,67
2024-03-08,184.0,405.3333333333333,327.3333333333333,8839.333333333334,327.6666666666667,4,3,2024,1,0,68
2024-03-09,187.0,386.6666666666667,326.6666666666667,8776.666666666666,350.3333333333333,5,3,2024,1,1,69
2024-03-10,190.0,368.0,326.0,8714.0,373.0,6,3,2024,1,1,70
2024-03-11,178.0,336.0,290.0,8757.0,253.0,0,3,2024,1,0,71
2024-03-12,154.0,294.0,290.0,8843.0,213.0,1,3,2024,1,0,72
2024-03-13,165.0,358.0,167.0,8819.0,239.0,2,3,2024,1,0,73
2024-03-14,166.0,301.0,252.0,8695.0,310.0,3,3,2024,1,0,74
2024-03-15,153.0,287.3333333333333,254.33333333333334,8587.666666666666,320.6666666666667,4,3,2024,1,0,75
2024-03-16,140.0,273.6666666666667,256.6666666666667,8480.333333333334,331.3333333333333,5,3,2024,1,1,76
2024-03-17,127.0,260.0,259.0,8373.0,342.0,6,3,2024,1,1,77
2024-03-18,123.0,243.0,188.0,8333.0,283.0,0,3,2024,1,0,78
2024-03-19,99.0,202.0,256.0,8390.0,197.0,1,3,2024,1,0,79
2024-03-20,91.0,181.0,174.0,8365.0,227.0,2,3,2024,1,0,80
2024-03-21,132.0,261.0,141.0,8292.0,235.0,3,3,2024,1,0,81
2024-03-22,129.33333333333334,262.0,167.66666666666666,8161.0,281.0,4,3,2024,1,0,82
2024-03-23,126.66666666666667,263.0,194.33333333333334,8030.0,327.0,5,3,2024,1,1,83
2024-03-24,124.0,264.0,221.0,7899.0,373.0,6,3,2024,1,1,84
2024-03-25,128.0,242.0,224.0,7899.0,229.0,0,3,2024,1,0,85
2024-03-26,187.0,276.0,200.0,7919.0,208.0,1,3,2024,1,0,86
2024-03-27,129.0,287.0,185.0,7893.0,215.0,2,3,2024,1,0,87
2024-03-28,161.0,288.0,248.0,7762.0,360.0,3,3,2024,1,0,88
2024-03-29,142.33333333333334,276.6666666666667,215.66666666666666,7593.666666666667,335.6666666666667,4,3,2024,1,0,89
2024-03-30,123.66666666666666,265.3333333333333,183.33333333333331,7425.333333333333,311.3333333333333,5,3,2024,1,1,90
2024-03-31,105.0,254.0,151.0,7257.0,287.0,6,3,2024,1,1,91
2024-04-01,109.0,235.0,171.0,7271.0,172.0,0,4,2024,2,0,92
2024-04-02,101.0,230.0,175.0,7340.0,132.0,1,4,2024,2,0,93
2024-04-03,124.0,230.0,190.0,7346.0,163.0,2,4,2024,2,0,94
2024-04-04,95.0,226.0,152.0,7317.0,225.0,3,4,2024,2,0,95
2024-04-05,98.66666666666667,230.33333333333334,179.0,7205.333333333333,243.0,4,4,2024,2,0,96
2024-04-06,102.33333333333333,234.66666666666666,206.0,7093.666666666667,261.0,5,4,2024,2,1,97
2024-04-07,106.0,239.0,233.0,6982.0,279.0,6,4,2024,2,1,98
2024-04-08,102.0,230.0,167.0,6988.0,199.0,0,4,2024,2,0,99
2024-04-09,118.0,231.0,217.0,7043.0,130.0,1,4,2024,2,0,100
2024-04-10,117.0,244.0,142.0,6999.0,227.0,2,4,2024,2,0,101
2024-04-11,183.0,221.0,220.0,6912.0,285.0,3,4,2024,2,0,102
2024-04-12,164.66666666666666,229.0,227.66666666666666,6818.0,286.6666666666667,4,4,2024,2,0,103
2024-04-13,146.33333333333334,237.0,235.33333333333334,6724.0,288.3333333333333,5,4,2024,2,1,104
2024-04-14,128.0,245.0,243.0,6630.0,290.0,6,4,2024,2,1,105
2024-04-15,144.0,303.0,176.0,6681.0,191.0,0,4,2024,2,0,106
2024-04-16,219.0,392.0,205.0,6685.0,163.0,1,4,2024,2,0,107
2024-04-17,182.0,371.0,274.0,6725.0,227.0,2,4,2024,2,0,108
2024-04-18,144.0,322.0,258.0,6728.0,260.0,3,4,2024,2,0,109
2024-04-19,165.33333333333334,341.3333333333333,286.3333333333333,6733.666666666667,253.33333333333334,4,4,2024,2,0,110
2024-04-20,186.66666666666666,360.6666666666667,314.6666666666667,6739.333333333333,246.66666666666666,5,4,2024,2,1,111
2024-04-21,208.0,380.0,343.0,6745.0,240.0,6,4,2024,2,1,112
2024-04-22,176.0,424.0,251.0,6799.0,214.0,0,4,2024,2,0,113
2024-04-23,252.0,427.0,307.0,6967.0,134.0,1,4,2024,2,0,114
2024-04-24,253.0,411.0,307.0,7128.0,154.0,2,4,2024,2,0,115
2024-04-25,145.0,357.0,333.0,7209.0,217.0,3,4,2024,2,0,116
2024-04-26,149.33333333333334,354.3333333333333,343.6666666666667,7238.666666666667,228.0,4,4,2024,2,0,117
2024-04-27,153.66666666666666,351.6666666666667,354.3333333333333,7268.333333333333,239.0,5,4,2024,2,1,118
2024-04-28,158.0,349.0,365.0,7298.0,250.0,6,4,2024,2,1,119
2024-04-29,140.0,292.0,255.0,7373.0,187.0,0,4,2024,2,0,120
2024-04-30,220.0,443.0,194.0,7431.0,135.0,1,4,2024,2,0,121
2024-05-01,197.0,437.0,295.0,7508.0,190.0,2,5,2024,2,0,122
2024-05-02,206.0,411.0,293.0,7577.0,194.0,3,5,2024,2,0,123
2024-05-03,187.33333333333334,379.0,271.3333333333333,7533.666666666667,240.0,4,5,2024,2,0,124
2024-05-04,168.66666666666666,347.0,249.66666666666666,7490.333333333333,286.0,5,5,2024,2,1,125
2024-05-05,150.0,315.0,228.0,7447.0,332.0,6,5,2024,2,1,126
2024-05-06,173.0,337.0,211.0,7449.0,205.0,0,5,2024,2,0,127
2024-05-07,176.0,334.0,246.0,7566.0,163.0,1,5,2024,2,0,128
2024-05-08,167.0,374.0,205.0,7583.0,202.0,2,5,2024,2,0,129
2024-05-09,138.0,285.0,268.0,7570.0,244.0,3,5,2024,2,0,130
2024-05-10,138.0,290.3333333333333,266.3333333333333,7534.666666666667,244.33333333333334,4,5,2024,2,0,131
2024-05-11,138.0,295.6666666666667,264.6666666666667,7499.333333333333,244.66666666666666,5,5,2024,2,1,132
2024-05-12,138.0,301.0,263.0,7464.0,245.0,6,5,2024,2,1,133
2024-05-13,112.0,331.0,167.0,7499.0,157.0,0,5,2024,2,0,134
2024-05-14,246.0,419.0,218.0,7546.0,186.0,1,5,2024,2,0,135
2024-05-15,115.0,285.0,341.0,7589.0,265.0,2,5,2024,2,0,136
2024-05-16,206.0,340.0,214.0,7565.0,234.0,3,5,2024,2,0,137
2024-05-17,185.0,325.0,235.33333333333334,7495.333333333333,255.33333333333334,4,5,2024,2,0,138
2024-05-18,164.0,310.0,256.6666666666667,7425.666666666667,276.6666666666667,5,5,2024,2,1,139
2024-05-19,143.0,295.0,278.0,7356.0,298.0,6,5,2024,2,1,140
2024-05-20,111.0,268.0,217.0,7368.0,192.0,0,5,2024,2,0,141
2024-05-21,196.0,348.0,176.0,7404.0,145.0,1,5,2024,2,0,142
2024-05-22,168.0,349.0,272.0,7474.0,208.0,2,5,2024,2,0,143
2024-05-23,193.0,272.0,314.0,7494.0,227.0,3,5,2024,2,0,144
2024-05-24,183.75,290.0,298.5,7461.75,212.0,4,5,2024,2,0,145
2024-05-25,174.5,308.0,283.0,7429.5,197.0,5,5,2024,2,1,146
2024-05-26,165.25,326.0,267.5,7397.25,182.0,6,5,2024,2,1,147
2024-05-27,156.0,344.0,252.0,7365.0,167.0,0,5,2024,2,0,148
2024-05-28,153.0,348.0,239.0,7418.0,151.0,1,5,2024,2,0,149
2024-05-29,182.0,462.0,158.0,7491.0,141.0,2,5,2024,2,0,150
2024-05-30,167.0,406.0,339.0,7563.0,190.0,3,5,2024,2,0,151
2024-05-31,164.33333333333334,380.6666666666667,333.3333333333333,7557.333333333333,228.66666666666666,4,5,2024,2,0,152
2024-06-01,161.66666666666666,355.3333333333333,327.6666666666667,7551.666666666667,267.3333333333333,5,6,2024,2,1,153
2024-06-02,159.0,330.0,322.0,7546.0,306.0,6,6,2024,2,1,154
2024-06-03,109.0,244.0,257.0,7596.0,224.0,0,6,2024,2,0,155
2024-06-04,260.0,356.0,176.0,7565.0,203.0,1,6,2024,2,0,156
2024-06-05,173.0,345.0,291.0,7691.0,198.0,2,6,2024,2,0,157
2024-06-06,179.0,326.0,282.0,7741.0,238.0,3,6,2024,2,0,158
2024-06-07,158.0,313.6666666666667,243.33333333333334,7644.333333333333,262.6666666666667,4,6,2024,2,0,159
2024-06-08,137.0,301.3333333333333,204.66666666666669,7547.666666666667,287.3333333333333,5,6,2024,2,1,160
2024-06-09,116.0,289.0,166.0,7451.0,312.0,6,6,2024,2,1,161
2024-06-10,184.0,334.0,229.0,7439.0,212.0,0,6,2024,2,0,162
2024-06-11,186.0,352.0,224.0,7493.0,156.0,1,6,2024,2,0,163
2024-06-12,152.0,266.0,274.0,7548.0,212.0,2,6,2024,2,0,164
2024-06-13,167.0,293.0,230.0,7544.0,259.0,3,6,2024,2,0,165
2024-06-14,179.33333333333334,300.3333333333333,231.0,7465.0,270.6666666666667,4,6,2024,2,0,166
2024-06-15,191.66666666666666,307.6666666666667,232.0,7386.0,282.3333333333333,5,6,2024,2,1,167
2024-06-16,204.0,315.0,233.0,7307.0,294.0,6,6,2024,2,1,168
2024-06-17,159.0,310.0,272.0,7318.0,224.0,0,6,2024,2,0,169
2024-06-18,160.0,297.0,253.0,7340.0,214.0,1,6,2024,2,0,170
2024-06-19,204.0,321.0,246.0,7433.0,198.0,2,6,2024,2,0,171
2024-06-20,145.0,247.0,243.0,7431.0,235.0,3,6,2024,2,0,172
2024-06-21,130.66666666666666,240.33333333333334,229.0,7369.666666666667,254.66666666666666,4,6,2024,2,0,173
2024-06-22,116.33333333333333,233.66666666666666,215.0,7308.333333333333,274.3333333333333,5,6,2024,2,1,174
2024-06-23,102.0,227.0,201.0,7247.0,294.0,6,6,2024,2,1,175
2024-06-24,116.0,175.0,172.0,7239.0,202.0,0,6,2024,2,0,176
2024-06-25,172.0,263.0,191.0,7239.0,202.0,1,6,2024,2,0,177
2024-06-26,132.0,235.0,197.0,7268.0,187.0,2,6,2024,2,0,178
2024-06-27,174.0,208.0,256.0,7248.0,268.0,3,6,2024,2,0,179
2024-06-28,157.0,215.33333333333334,226.33333333333334,7123.333333333333,269.6666666666667,4,6,2024,2,0,180
2024-06-29,140.0,222.66666666666666,196.66666666666666,6998.666666666667,271.3333333333333,5,6,2024,2,1,181
2024-06-30,123.0,230.0,167.0,6874.0,273.0,6,6,2024,2,1,182
2024-07-01,123.0,233.0,159.0,6825.0,229.0,0,7,2024,3,0,183
2024-07-02,141.0,232.0,188.0,6823.0,184.0,1,7,2024,3,0,184
2024-07-03,149.5,229.0,189.5,6806.5,204.5,2,7,2024,3,0,185
2024-07-04,158.0,226.0,191.0,6790.0,225.0,3,7,2024,3,0,186
2024-07-05,137.33333333333334,204.0,205.0,6726.333333333333,221.0,4,7,2024,3,0,187
2024-07-06,116.66666666666666,182.0,219.0,6662.666666666667,217.0,5,7,2024,3,1,188
2024-07-07,96.0,160.0,233.0,6599.0,213.0,6,7,2024,3,1,189
2024-07-08,141.0,173.0,129.0,6617.0,123.0,0,7,2024,3,0,190
2024-07-09,116.0,181.0,182.0,6651.0,130.0,1,7,2024,3,0,191
2024-07-10,150.0,157.0,201.0,6649.0,177.0,2,7,2024,3,0,192
2024-07-11,80.0,176.0,125.0,6640.0,197.0,3,7,2024,3,0,193
2024-07-12,92.0,180.0,138.0,6529.333333333333,210.33333333333334,4,7,2024,3,0,194
2024-07-13,104.0,184.0,151.0,6418.666666666667,223.66666666666666,5,7,2024,3,1,195
2024-07-14,116.0,188.0,164.0,6308.0,237.0,6,7,2024,3,1,196
2024-07-15,105.0,185.0,158.0,6283.0,171.0,0,7,2024,3,0,197
2024-07-16,136.0,246.0,123.0,6239.0,173.0,1,7,2024,3,0,198
2024-07-17,128.0,228.0,177.0,6228.0,187.0,2,7,2024,3,0,199
2024-07-18,118.5,220.0,184.0,6185.5,205.75,3,7,2024,3,0,200
2024-07-19,109.0,212.0,191.0,6143.0,224.5,4,7,2024,3,0,201
2024-07-20,99.5,204.0,198.0,6100.5,243.25,5,7,2024,3,1,202
2024-07-21,90.0,196.0,205.0,6058.0,262.0,6,7,2024,3,1,203
2024-07-22,102.0,189.0,155.0,6002.0,234.0,0,7,2024,3,0,204
2024-07-23,120.0,257.0,126.0,5965.0,170.0,1,7,2024,3,0,205
2024-07-24,137.0,272.0,166.0,5927.0,177.0,2,7,2024,3,0,206
2024-07-25,93.0,198.0,208.0,5954.0,194.0,3,7,2024,3,0,207
2024-07-26,112.66666666666667,228.66666666666666,205.0,5883.666666666667,198.33333333333334,4,7,2024,3,0,208
2024-07-27,132.33333333333334,259.3333333333333,202.0,5813.333333333333,202.66666666666666,5,7,2024,3,1,209
2024-07-28,152.0,290.0,199.0,5743.0,207.0,6,7,2024,3,1,210
2024-07-29,114.0,210.0,219.0,5819.0,163.0,0,7,2024,3,0,211
2024-07-30,125.0,203.0,208.0,5930.0,92.0,1,7,2024,3,0,212
2024-07-31,140.0,261.0,163.0,5963.0,154.0,2,7,2024,3,0,213
2024-08-01,227.0,298.0,212.0,6016.0,169.0,3,8,2024,3,0,214
2024-08-02,172.33333333333334,254.33333333333334,189.0,5991.666666666667,169.33333333333334,4,8,2024,3,0,215
2024-08-03,117.66666666666667,210.66666666666669,166.0,5967.333333333333,169.66666666666666,5,8,2024,3,1,216
2024-08-04,63.0,167.0,143.0,5943.0,170.0,6,8,2024,3,1,217
2024-08-05,172.0,259.0,138.0,5950.0,150.0,0,8,2024,3,0,218
2024-08-06,163.0,283.0,200.0,5998.0,143.0,1,8,2024,3,0,219
2024-08-07,135.0,273.0,207.0,6038.0,174.0,2,8,2024,3,0,220
2024-08-08,119.0,230.0,213.0,6084.0,174.0,3,8,2024,3,0,221
2024-08-09,111.0,223.66666666666666,188.66666666666666,6020.666666666667,199.0,4,8,2024,3,0,222
2024-08-10,103.0,217.33333333333334,164.33333333333334,5957.333333333333,224.0,5,8,2024,3,1,223
2024-08-11,95.0,211.0,140.0,5894.0,249.0,6,8,2024,3,1,224
2024-08-12,109.0,219.0,155.0,5903.0,148.0,0,8,2024,3,0,225
2024-08-13,162.0,239.0,189.0,5981.0,123.0,1,8,2024,3,0,226
2024-08-14,109.0,226.0,191.0,5987.0,178.0,2,8,2024,3,0,227
2024-08-15,124.0,241.0,156.0,5895.0,220.0,3,8,2024,3,0,228
2024-08-16,111.33333333333333,242.0,182.33333333333334,5870.333333333333,206.0,4,8,2024,3,0,229
2024-08-17,98.66666666666667,243.0,208.66666666666666,5845.666666666667,192.0,5,8,2024,3,1,230
2024-08-18,86.0,244.0,235.0,5821.0,178.0,6,8,2024,3,1,231
2024-08-19,176.0,254.0,162.0,5865.0,158.0,0,8,2024,3,0,232
2024-08-20,136.0,274.0,245.0,5995.0,112.0,1,8,2024,3,0,233
2024-08-21,134.0,245.0,167.0,6028.0,156.0,2,8,2024,3,0,234
2024-08-22,182.0,307.0,205.0,6054.0,171.0,3,8,2024,3,0,235
2024-08-23,175.4,302.6,208.4,6073.6,156.2,4,8,2024,3,0,236
2024-08-24,168.8,298.2,211.8,6093.2,141.4,5,8,2024,3,1,237
2024-08-25,162.2,293.8,215.2,6112.8,126.6,6,8,2024,3,1,238
2024-08-26,155.6,289.4,218.6,6132.4,111.8,0,8,2024,3,0,239
2024-08-27,149.0,285.0,222.0,6152.0,97.0,1,8,2024,3,0,240
2024-08-28,170.0,285.0,178.0,6227.0,134.0,2,8,2024,3,0,241
2024-08-29,145.0,295.0,188.0,6250.0,169.0,3,8,2024,3,0,242
2024-08-30,142.0,288.75,190.5,6235.5,159.0,4,8,2024,3,0,243
2024-08-31,139.0,282.5,193.0,6221.0,149.0,5,8,2024,3,1,244
2024-09-01,136.0,276.25,195.5,6206.5,139.0,6,9,2024,3,1,245
2024-09-02,133.0,270.0,198.0,6192.0,129.0,0,9,2024,3,0,246
2024-09-03,131.0,263.0,177.0,6272.0,112.0,1,9,2024,3,0,247
2024-09-04,121.0,231.0,219.0,6375.0,114.0,2,9,2024,3,0,248
2024-09-05,126.0,230.0,175.0,6448.0,121.0,3,9,2024,3,0,249
2024-09-06,125.0,238.33333333333334,171.33333333333334,6402.666666666667,154.33333333333334,4,9,2024,3,0,250
2024-09-07,124.0,246.66666666666666,167.66666666666666,6357.333333333333,187.66666666666669,5,9,2024,3,1,251
2024-09-08,123.0,255.0,164.0,6312.0,221.0,6,9,2024,3,1,252
2024-09-09,144.0,275.0,190.0,6353.0,141.0,0,9,2024,3,0,253
2024-09-10,131.0,251.0,180.0,6396.0,148.0,1,9,2024,3,0,254
2024-09-11,93.0,248.0,175.0,6410.0,162.0,2,9,2024,3,0,255
2024-09-12,184.0,280.0,210.0,6360.0,220.0,3,9,2024,3,0,256
2024-09-13,81.0,200.0,212.0,6326.0,279.0,4,9,2024,3,0,257
2024-09-14,89.5,210.0,189.5,6280.0,244.5,5,9,2024,3,1,258
2024-09-15,98.0,220.0,167.0,6234.0,210.0,6,9,2024,3,1,259
2024-09-16,113.0,209.0,160.0,6229.0,164.0,0,9,2024,3,0,260
2024-09-17,159.0,304.0,139.0,6227.0,160.0,1,9,2024,3,0,261
2024-09-18,116.0,213.0,217.0,6245.0,149.0,2,9,2024,3,0,262
2024-09-19,93.0,196.0,169.0,6270.0,188.0,3,9,2024,3,0,263
2024-09-20,103.33333333333333,208.66666666666666,166.33333333333334,6176.333333333333,191.0,4,9,2024,3,0,264
2024-09-21,113.66666666666667,221.33333333333334,163.66666666666666,6082.666666666667,194.0,5,9,2024,3,1,265
2024-09-22,124.0,234.0,161.0,5989.0,197.0,6,9,2024,3,1,266
2024-09-23,92.0,203.0,173.0,6002.0,165.0,0,9,2024,3,0,267
2024-09-24,186.0,259.0,172.0,6023.0,143.0,1,9,2024,3,0,268
2024-09-25,154.0,225.0,220.0,6050.0,169.0,2,9,2024,3,0,269
2024-09-26,91.0,199.0,172.0,6090.0,185.0,3,9,2024,3,0,270
2024-09-27,87.66666666666667,203.66666666666666,165.66666666666666,6035.0,182.33333333333334,4,9,2024,3,0,271
2024-09-28,84.33333333333333,208.33333333333334,159.33333333333334,5980.0,179.66666666666666,5,9,2024,3,1,272
2024-09-29,81.0,213.0,153.0,5925.0,177.0,6,9,2024,3,1,273
2024-09-30,209.0,285.0,184.0,5967.0,138.0,0,9,2024,3,0,274
2024-10-01,184.0,314.0,217.0,6040.0,137.0,1,10,2024,4,0,275
2024-10-02,107.0,215.0,230.0,6091.0,173.0,2,10,2024,4,0,276
2024-10-03,101.0,162.0,178.0,6118.0,193.0,3,10,2024,4,0,277
2024-10-04,100.5,169.0,177.5,6080.5,183.0,4,10,2024,4,0,278
2024-10-05,100.0,176.0,177.0,6043.0,173.0,5,10,2024,4,1,279
2024-10-06,99.5,183.0,176.5,6005.5,163.0,6,10,2024,4,1,280
2024-10-07,99.0,190.0,176.0,5968.0,153.0,0,10,2024,4,0,281
2024-10-08,167.0,239.0,166.0,6013.0,123.0,1,10,2024,4,0,282
2024-10-09,115.0,216.0,169.0,6047.0,137.0,2,10,2024,4,0,283
2024-10-10,84.0,158.0,193.0,6075.0,159.0,3,10,2024,4,0,284
2024-10-11,99.33333333333333,181.0,192.66666666666666,6013.0,176.0,4,10,2024,4,0,285
2024-10-12,114.66666666666667,204.0,192.33333333333334,5951.0,193.0,5,10,2024,4,1,286
2024-10-13,130.0,227.0,192.0,5889.0,210.0,6,10,2024,4,1,287
2024-10-14,88.0,214.0,160.0,5935.0,106.0,0,10,2024,4,0,288
2024-10-15,113.0,208.0,159.0,6013.0,107.0,1,10,2024,4,0,289
2024-10-16,174.0,285.0,150.0,6036.0,129.0,2,10,2024,4,0,290
2024-10-17,104.0,230.0,206.0,6076.0,160.0,3,10,2024,4,0,291
2024-10-18,118.33333333333333,245.33333333333334,208.66666666666666,6023.333333333333,171.66666666666666,4,10,2024,4,0,292
2024-10-19,132.66666666666666,260.6666666666667,211.33333333333334,5970.666666666667,183.33333333333334,5,10,2024,4,1,293
2024-10-20,147.0,276.0,214.0,5918.0,195.0,6,10,2024,4,1,294
2024-10-21,108.0,220.0,213.0,5966.0,154.0,0,10,2024,4,0,295
2024-10-22,180.0,280.0,146.0,6043.0,109.0,1,10,2024,4,0,296
2024-10-23,134.0,294.0,186.0,6077.0,138.0,2,10,2024,4,0,297
2024-10-24,151.0,298.75,179.0,6051.25,151.5,3,10,2024,4,0,298
2024-10-25,168.0,303.5,172.0,6025.5,165.0,4,10,2024,4,0,299
2024-10-26,185.0,308.25,165.0,5999.75,178.5,5,10,2024,4,1,300
2024-10-27,202.0,313.0,158.0,5974.0,192.0,6,10,2024,4,1,301
2024-10-28,110.0,272.0,193.0,6008.0,156.0,0,10,2024,4,0,302
2024-10-29,166.0,277.0,229.0,6106.0,126.0,1,10,2024,4,0,303
2024-10-30,136.0,276.0,178.0,6149.0,160.0,2,10,2024,4,0,304
2024-10-31,87.0,246.0,173.0,6148.0,177.0,3,10,2024,4,0,305
2024-11-01,86.0,221.0,167.66666666666666,6095.333333333333,179.33333333333334,4,11,2024,4,0,306
2024-11-02,85.0,196.0,162.33333333333334,6042.666666666667,181.66666666666666,5,11,2024,4,1,307
2024-11-03,84.0,171.0,157.0,5990.0,184.0,6,11,2024,4,1,308
2024-11-04,167.0,209.0,157.0,6007.0,132.0,0,11,2024,4,0,309
2024-11-05,109.0,245.0,159.0,6045.0,126.0,1,11,2024,4,0,310
2024-11-06,156.0,256.0,176.0,6086.0,137.0,2,11,2024,4,0,311
2024-11-07,125.0,232.0,192.0,6084.0,177.0,3,11,2024,4,0,312
2024-11-08,123.25,208.75,186.0,6053.75,169.0,4,11,2024,4,0,313
2024-11-09,121.5,185.5,180.0,6023.5,161.0,5,11,2024,4,1,314
2024-11-10,119.75,162.25,174.0,5993.25,153.0,6,11,2024,4,1,315
2024-11-11,118.0,139.0,168.0,5963.0,145.0,0,11,2024,4,0,316
2024-11-12,142.0,235.0,139.0,5975.0,138.0,1,11,2024,4,0,317
2024-11-13,148.0,245.0,175.0,5966.0,151.0,2,11,2024,4,0,318
2024-11-14,119.0,219.0,210.0,6025.0,172.0,3,11,2024,4,0,319
2024-11-15,114.33333333333333,216.0,189.66666666666666,5955.333333333333,179.66666666666666,4,11,2024,4,0,320
2024-11-16,109.66666666666667,213.0,169.33333333333334,5885.666666666667,187.33333333333334,5,11,2024,4,1,321
2024-11-17,105.0,210.0,149.0,5816.0,195.0,6,11,2024,4,1,322
2024-11-18,143.0,203.0,163.0,5819.0,138.0,0,11,2024,4,0,323
2024-11-19,119.0,209.0,152.0,5844.0,146.0,1,11,2024,4,0,324
2024-11-20,155.0,212.0,181.0,5879.0,148.0,2,11,2024,4,0,325
2024-11-21,109.0,214.0,173.0,5850.0,210.0,3,11,2024,4,0,326
2024-11-22,136.33333333333334,237.0,179.33333333333334,5788.0,209.0,4,11,2024,4,0,327
2024-11-23,163.66666666666666,260.0,185.66666666666666,5726.0,208.0,5,11,2024,4,1,328
2024-11-24,191.0,283.0,192.0,5664.0,207.0,6,11,2024,4,1,329
2024-11-25,170.0,297.0,196.0,5715.0,129.0,0,11,2024,4,0,330
2024-11-26,152.0,272.0,214.0,5826.0,112.0,1,11,2024,4,0,331
2024-11-27,239.0,367.0,224.0,5862.0,211.0,2,11,2024,4,0,332
2024-11-28,113.0,280.0,237.0,5963.0,143.0,3,11,2024,4,0,333
2024-11-29,140.66666666666666,288.6666666666667,220.33333333333334,5970.666666666667,145.0,4,11,2024,4,0,334
2024-11-30,168.33333333333334,297.3333333333333,203.66666666666666,5978.333333333333,147.0,5,11,2024,4,1,335
2024-12-01,196.0,306.0,187.0,5986.0,149.0,6,12,2024,4,1,336
2024-12-02,236.0,330.0,222.0,6061.0,115.0,0,12,2024,4,0,337
2024-12-03,81.0,230.0,242.0,6192.0,107.0,1,12,2024,4,0,338
2024-12-04,118.0,245.0,160.0,6269.0,115.0,2,12,2024,4,0,339
2024-12-05,218.0,283.0,208.0,6310.0,150.0,3,12,2024,4,0,340
2024-12-06,189.33333333333334,269.6666666666667,199.66666666666666,6302.0,157.33333333333334,4,12,2024,4,0,341
2024-12-07,160.66666666666666,256.3333333333333,191.33333333333334,6294.0,164.66666666666666,5,12,2024,4,1,342
2024-12-08,132.0,243.0,183.0,6286.0,172.0,6,12,2024,4,1,343
2024-12-09,224.0,315.0,152.0,6268.0,174.0,0,12,2024,4,0,344
2024-12-10,167.0,326.0,213.0,6310.0,149.0,1,12,2024,4,0,345
2024-12-11,209.0,353.0,232.0,6402.0,152.0,2,12,2024,4,0,346
2024-12-12,153.0,253.0,286.0,6481.0,194.0,3,12,2024,4,0,347
2024-12-13,162.0,281.0,263.6666666666667,6456.666666666667,204.0,4,12,2024,4,0,348
2024-12-14,171.0,309.0,241.33333333333334,6432.333333333333,214.0,5,12,2024,4,1,349
2024-12-15,180.0,337.0,219.0,6408.0,224.0,6,12,2024,4,1,350
2024-12-16,133.0,287.0,189.0,6454.0,149.0,0,12,2024,4,0,351
2024-12-17,187.0,310.0,247.0,6506.0,151.0,1,12,2024,4,0,352
2024-12-18,168.0,285.0,210.0,6598.0,134.0,2,12,2024,4,0,353
2024-12-19,269.0,412.0,204.0,6600.0,238.0,3,12,2024,4,0,354
2024-12-20,212.66666666666666,359.6666666666667,214.66666666666666,6598.333333333333,248.0,4,12,2024,4,0,355
2024-12-21,156.33333333333331,307.3333333333333,225.33333333333334,6596.666666666667,258.0,5,12,2024,4,1,356
2024-12-22,100.0,255.0,236.0,6595.0,268.0,6,12,2024,4,1,357
2024-12-23,205.0,294.0,177.0,6548.0,231.0,0,12,2024,4,0,358
2024-12-24,161.0,304.0,211.0,6622.0,155.0,1,12,2024,4,0,359
2024-12-25,57.0,162.0,193.0,6689.0,107.0,2,12,2024,4,0,360
2024-12-26,80.0,122.0,152.0,6707.0,135.0,3,12,2024,4,0,361
2024-12-27,89.0,138.0,145.66666666666666,6626.333333333333,162.0,4,12,2024,4,0,362
2024-12-28,98.0,154.0,139.33333333333334,6545.666666666667,189.0,5,12,2024,4,1,363
2024-12-29,107.0,170.0,133.0,6465.0,216.0,6,12,2024,4,1,364
2024-12-30,99.0,156.0,139.0,6454.0,177.0,0,12,2024,4,0,365
2024-12-31,62.0,111.0,116.5,6429.5,160.5,1,12,2024,4,0,366
2025-01-01,25.0,66.0,94.0,6405.0,144.0,2,1,2025,1,0,1
2025-01-02,35.0,70.0,53.0,6292.0,170.0,3,1,2025,1,0,2
2025-01-03,37.666666666666664,71.0,56.666666666666664,6155.333333333333,175.0,4,1,2025,1,0,3
2025-01-04,40.333333333333336,72.0,60.333333333333336,6018.666666666667,180.0,5,1,2025,1,1,4
2025-01-05,43.0,73.0,64.0,5882.0,185.0,6,1,2025,1,1,5
2025-01-06,41.0,60.0,71.0,5769.0,190.0,0,1,2025,1,0,6
2025-01-07,65.0,83.0,65.0,5703.0,133.0,1,1,2025,1,0,7
2025-01-08,38.0,80.0,82.0,5605.0,184.0,2,1,2025,1,0,8
2025-01-09,56.0,82.0,68.0,5507.0,164.0,3,1,2025,1,0,9
2025-01-10,62.0,89.0,72.0,5368.666666666667,187.66666666666666,4,1,2025,1,0,10
2025-01-11,68.0,96.0,76.0,5230.333333333333,211.33333333333334,5,1,2025,1,1,11
2025-01-12,74.0,103.0,80.0,5092.0,235.0,6,1,2025,1,1,12
2025-01-13,68.0,107.0,102.0,5019.0,181.0,0,1,2025,1,0,13
2025-01-14,92.0,124.0,93.0,4957.0,139.0,1,1,2025,1,0,14
2025-01-15,113.0,162.0,107.0,4903.0,164.0,2,1,2025,1,0,15
2025-01-16,106.0,196.0,131.0,4881.0,159.0,3,1,2025,1,0,16
2025-01-17,99.33333333333333,181.33333333333334,143.33333333333334,4796.666666666667,164.66666666666666,4,1,2025,1,0,17
2025-01-18,92.66666666666667,166.66666666666666,155.66666666666666,4712.333333333333,170.33333333333334,5,1,2025,1,1,18
2025-01-19,86.0,152.0,168.0,4628.0,176.0,6,1,2025,1,1,19
2025-01-20,84.0,118.0,136.0,4638.0,127.0,0,1,2025,1,0,20
2025-01-21,59.0,64.0,117.0,4728.0,54.0,1,1,2025,1,0,21
2025-01-22,62.0,97.0,52.0,4717.0,83.0,2,1,2025,1,0,22
2025-01-23,91.0,75.0,97.0,4621.0,174.0,3,1,2025,1,0,23
2025-01-24,70.33333333333333,67.0,68.33333333333333,4494.333333333333,176.66666666666666,4,1,2025,1,0,24
2025-01-25,49.666666666666664,59.0,39.666666666666664,4367.666666666667,179.33333333333334,5,1,2025,1,1,25
2025-01-26,29.0,51.0,11.0,4241.0,182.0,6,1,2025,1,1,26
2025-01-27,33.0,53.0,34.0,4161.0,127.0,0,1,2025,1,0,27
2025-01-28,32.0,49.0,39.0,4096.0,101.0,1,1,2025,1,0,28
2025-01-29,32.0,50.0,39.0,4036.0,99.0,2,1,2025,1,0,29
2025-01-30,47.0,42.0,47.0,3923.0,159.0,3,1,2025,1,0,30
2025-01-31,38.0,35.333333333333336,45.0,3776.3333333333335,162.0,4,1,2025,1,0,31
2025-02-01,29.0,28.666666666666664,43.0,3629.6666666666665,165.0,5,2,2025,1,1,32
2025-02-02,20.0,22.0,41.0,3483.0,168.0,6,2,2025,1,1,33
2025-02-03,23.0,45.0,11.0,3403.0,102.0,0,2,2025,1,0,34
2025-02-04,34.0,54.0,29.0,3359.0,74.0,1,2,2025,1,0,35
2025-02-05,26.0,36.0,36.0,3290.0,104.0,2,2,2025,1,0,36
2025-02-06,25.0,32.0,27.0,3181.0,145.0,3,2,2025,1,0,37
2025-02-07,21.666666666666668,25.666666666666668,25.666666666666668,3080.0,129.66666666666666,4,2,2025,1,0,38
2025-02-08,18.333333333333332,19.333333333333336,24.333333333333332,2979.0,114.33333333333333,5,2,2025,1,1,39
2025-02-09,15.0,13.0,23.0,2878.0,99.0,6,2,2025,1,1,40
2025-02-10,16.0,18.0,15.0,2834.0,63.0,0,2,2025,1,0,41
2025-02-11,11.0,22.0,12.0,2799.0,50.0,1,2,2025,1,0,42
2025-02-12,16.0,20.0,20.0,2752.0,66.0,2,2,2025,1,0,43
2025-02-13,15.0,10.0,23.0,2703.0,72.0,3,2,2025,1,0,44
2025-02-14,13.25,11.75,20.75,2660.25,57.75,4,2,2025,1,0,45
2025-02-15,11.5,13.5,18.5,2617.5,43.5,5,2,2025,1,1,46
2025-02-16,9.75,15.25,16.25,2574.75,29.25,6,2,2025,1,1,47
2025-02-17,8.0,17.0,14.0,2532.0,15.0,0,2,2025,1,0,48
2025-02-18,18.0,19.0,11.0,2536.0,9.0,1,2,2025,1,0,49
2025-02-19,12.0,17.0,17.0,2528.0,19.0,2,2,2025,1,0,50
2025-02-20,13.0,25.0,15.0,2520.0,32.0,3,2,2025,1,0,51
2025-02-21,11.0,22.0,12.666666666666666,2487.6666666666665,33.0,4,2,2025,1,0,52
2025-02-22,9.0,19.0,10.333333333333332,2455.3333333333335,34.0,5,2,2025,1,1,53
2025-02-23,7.0,16.0,8.0,2423.0,35.0,6,2,2025,1,1,54
2025-02-24,20.0,22.0,14.0,2413.0,24.0,0,2,2025,1,0,55
2025-02-25,11.0,7.0,7.0,2413.0,23.0,1,2,2025,1,0,56
2025-02-26,12.0,21.0,1.0,2411.0,23.0,2,2,2025,1,0,57
2025-02-27,10.0,15.0,17.0,2391.0,37.0,3,2,2025,1,0,58
2025-02-28,10.666666666666666,18.0,12.666666666666668,2359.6666666666665,35.0,4,2,2025,1,0,59
2025-03-01,11.333333333333334,21.0,8.333333333333334,2328.3333333333335,33.0,5,3,2025,1,1,60
2025-03-02,12.0,24.0,4.0,2297.0,31.0,6,3,2025,1,1,61
2025-03-03,8.0,29.0,18.0,2287.0,25.0,0,3,2025,1,0,62
2025-03-04,4.0,25.0,10.0,2272.0,30.0,1,3,2025,1,0,63
2025-03-05,5.0,20.0,4.0,2238.0,40.0,2,3,2025,1,0,64
2025-03-06,7.0,27.0,6.0,2218.0,33.0,3,3,2025,1,0,65
2025-03-07,8.666666666666666,26.333333333333332,9.0,2191.0,32.0,4,3,2025,1,0,66
2025-03-08,10.333333333333334,25.666666666666668,12.0,2164.0,31.0,5,3,2025,1,1,67
2025-03-09,12.0,25.0,15.0,2137.0,30.0,6,3,2025,1,1,68
2025-03-10,6.0,28.0,8.0,2125.0,23.0,0,3,2025,1,0,69
2025-03-11,3.0,11.0,7.0,2116.0,20.0,1,3,2025,1,0,70
2025-03-12,6.0,18.0,2.0,2113.0,8.0,2,3,2025,1,0,71
2025-03-13,4.0,20.0,9.0,2116.0,6.0,3,3,2025,1,0,72
2025-03-14,3.0,16.333333333333332,8.666666666666666,2116.3333333333335,5.666666666666667,4,3,2025,1,0,73
2025-03-15,2.0,12.666666666666668,8.333333333333334,2116.6666666666665,5.333333333333333,5,3,2025,1,1,74
2025-03-16,1.0,9.0,8.0,2117.0,5.0,6,3,2025,1,1,75
2025-03-17,5.0,14.0,0.0,2111.0,8.0,0,3,2025,1,0,76
2025-03-18,19.0,34.0,6.0,2109.0,8.0,1,3,2025,1,0,77
2025-03-19,6.0,22.0,14.0,2119.0,9.0,2,3,2025,1,0,78
2025-03-20,9.0,20.0,11.0,2124.0,7.0,3,3,2025,1,0,79
2025-03-21,11.0,23.0,10.333333333333334,2128.0,5.333333333333333,4,3,2025,1,0,80
2025-03-22,13.0,26.0,9.666666666666666,2132.0,3.6666666666666665,5,3,2025,1,1,81
2025-03-23,15.0,29.0,9.0,2136.0,2.0,6,3,2025,1,1,82
2025-03-24,7.0,13.0,11.0,2139.0,7.0,0,3,2025,1,0,83
2025-03-25,12.0,19.0,7.0,2145.0,6.0,1,3,2025,1,0,84
2025-03-26,9.0,21.0,15.0,2159.0,2.0,2,3,2025,1,0,85
2025-03-27,1.0,19.0,13.0,2159.0,2.0,3,3,2025,1,0,86
2025-03-28,3.6666666666666665,19.333333333333332,10.333333333333334,2168.6666666666665,2.0,4,3,2025,1,0,87
2025-03-29,6.333333333333333,19.666666666666668,7.666666666666667,2178.3333333333335,2.0,5,3,2025,1,1,88
2025-03-30,9.0,20.0,5.0,2188.0,2.0,6,3,2025,1,1,89
2025-03-31,9.0,25.0,8.0,2193.0,5.0,0,3,2025,1,0,90
2025-04-01,17.0,36.0,7.0,2191.0,12.0,1,4,2025,2,0,91
2025-04-02,5.0,31.0,16.0,2208.0,3.0,2,4,2025,2,0,92
2025-04-03,12.0,26.0,18.0,2223.0,8.0,3,4,2025,2,0,93
2025-04-04,10.333333333333334,22.0,14.333333333333334,2226.6666666666665,9.0,4,4,2025,2,0,94
2025-04-05,8.666666666666666,18.0,10.666666666666668,2230.3333333333335,10.0,5,4,2025,2,1,95
2025-04-06,7.0,14.0,7.0,2234.0,11.0,6,4,2025,2,1,96
2025-04-07,12.0,22.0,9.0,2237.0,5.0,0,4,2025,2,0,97
2025-04-08,12.0,34.0,12.0,2243.0,9.0,1,4,2025,2,0,98
2025-04-09,6.0,19.0,10.0,2251.0,5.0,2,4,2025,2,0,99
2025-04-10,18.0,25.0,17.0,2265.0,6.0,3,4,2025,2,0,100
2025-04-11,8.0,22.0,8.0,2267.0,9.0,4,4,2025,2,0,101
2025-04-12,6.5,24.0,9.0,2275.0,6.0,5,4,2025,2,1,102
2025-04-13,5.0,26.0,10.0,2283.0,3.0,6,4,2025,2,1,103
2025-04-14,5.0,26.0,9.0,2282.0,13.0,0,4,2025,2,0,104
2025-04-15,4.0,19.0,12.0,2286.0,7.0,1,4,2025,2,0,105
2025-04-16,11.0,30.0,5.0,2291.0,8.0,2,4,2025,2,0,106
2025-04-17,7.0,26.0,10.0,2288.0,14.0,3,4,2025,2,0,107
2025-04-18,6.0,22.333333333333332,8.666666666666666,2293.6666666666665,10.666666666666666,4,4,2025,2,0,108
2025-04-19,5.0,18.666666666666668,7.333333333333334,2299.3333333333335,7.333333333333333,5,4,2025,2,1,109
2025-04-20,4.0,15.0,6.0,2305.0,4.0,6,4,2025,2,1,110
2025-04-21,10.0,25.0,5.0,2308.0,6.0,0,4,2025,2,0,111
2025-04-22,7.0,19.0,14.0,2305.0,17.0,1,4,2025,2,0,112
2025-04-23,3.0,23.0,4.0,2300.0,11.0,2,4,2025,2,0,113
2025-04-24,3.0,9.0,7.0,2294.0,13.0,3,4,2025,2,0,114
2025-04-25,5.0,19.333333333333336,8.666666666666666,2296.3333333333335,10.0,4,4,2025,2,0,115
2025-04-26,7.0,29.666666666666668,10.333333333333334,2298.6666666666665,7.0,5,4,2025,2,1,116
2025-04-27,9.0,40.0,12.0,2301.0,4.0,6,4,2025,2,1,117
2025-04-28,6.0,26.0,12.0,2307.0,8.0,0,4,2025,2,0,118
2025-04-29,11.0,25.0,11.0,2304.0,15.0,1,4,2025,2,0,119
2025-04-30,7.0,34.0,9.0,2309.0,12.0,2,4,2025,2,0,120
2025-05-01,13.0,32.0,14.0,2306.0,16.0,3,5,2025,2,0,121
2025-05-02,11.666666666666666,31.666666666666668,12.666666666666666,2315.6666666666665,12.333333333333334,4,5,2025,2,0,122
2025-05-03,10.333333333333334,31.333333333333332,11.333333333333334,2325.3333333333335,8.666666666666668,5,5,2025,2,1,123
2025-05-04,9.0,31.0,10.0,2335.0,5.0,6,5,2025,2,1,124
2025-05-05,15.0,44.0,20.0,2331.0,17.0,0,5,2025,2,0,125
2025-05-06,10.0,33.0,16.0,2339.0,16.0,1,5,2025,2,0,126
2025-05-07,10.0,30.0,15.0,2335.0,10.0,2,5,2025,2,0,127
2025-05-08,15.0,24.0,16.0,2361.0,11.0,3,5,2025,2,0,128
2025-05-09,15.0,22.666666666666668,14.666666666666666,2369.0,8.333333333333334,4,5,2025,2,0,129
2025-05-10,15.0,21.333333333333332,13.333333333333334,2377.0,5.666666666666667,5,5,2025,2,1,130
2025-05-11,15.0,20.0,12.0,2385.0,3.0,6,5,2025,2,1,131
2025-05-12,7.0,33.0,14.0,2392.0,7.0,0,5,2025,2,0,132
2025-05-13,18.0,29.0,12.0,2394.0,11.0,1,5,2025,2,0,133
2025-05-14,7.0,30.0,14.0,2394.0,11.0,2,5,2025,2,0,134
2025-05-15,15.0,31.0,14.0,2410.0,14.0,3,5,2025,2,0,135
2025-05-16,14.333333333333334,30.0,14.0,2419.0,12.333333333333334,4,5,2025,2,0,136
2025-05-17,13.666666666666666,29.0,14.0,2428.0,10.666666666666666,5,5,2025,2,1,137
2025-05-18,13.0,28.0,14.0,2437.0,9.0,6,5,2025,2,1,138
2025-05-19,7.0,27.0,17.0,2457.0,6.0,0,5,2025,2,0,139
2025-05-20,10.5,44.5,15.0,2462.0,12.0,1,5,2025,2,0,140
2025-05-21,14.0,62.0,13.0,2467.0,18.0,2,5,2025,2,0,141
2025-05-22,18.0,36.0,17.0,2473.0,15.0,3,5,2025,2,0,142
2025-05-23,15.6,33.6,15.0,2479.2,14.2,4,5,2025,2,0,143
2025-05-24,13.2,31.2,13.0,2485.4,13.4,5,5,2025,2,1,144
2025-05-25,10.8,28.8,11.0,2491.6,12.6,6,5,2025,2,1,145
2025-05-26,8.4,26.4,9.0,2497.8,11.8,0,5,2025,2,0,146
2025-05-27,6.0,24.0,7.0,2504.0,11.0,1,5,2025,2,0,147
2025-05-28,12.0,39.0,12.0,2499.0,14.0,2,5,2025,2,0,148
2025-05-29,13.0,38.0,15.0,2506.0,11.0,3,5,2025,2,0,149
2025-05-30,11.333333333333334,33.333333333333336,15.333333333333334,2513.3333333333335,11.333333333333334,4,5,2025,2,0,150
2025-05-31,9.666666666666666,28.666666666666664,15.666666666666666,2520.6666666666665,11.666666666666666,5,5,2025,2,1,151
2025-06-01,8.0,24.0,16.0,2528.0,12.0,6,6,2025,2,1,152
2025-06-02,10.0,19.0,5.0,2518.0,16.0,0,6,2025,2,0,153
2025-06-03,5.0,23.0,11.0,2519.0,15.0,1,6,2025,2,0,154
2025-06-04,4.0,16.0,9.0,2516.0,16.0,2,6,2025,2,0,155
2025-06-05,8.0,26.0,5.0,2503.0,21.0,3,6,2025,2,0,156
2025-06-06,8.666666666666666,22.666666666666668,8.333333333333334,2504.3333333333335,18.333333333333332,4,6,2025,2,0,157
2025-06-07,9.333333333333334,19.333333333333332,11.666666666666668,2505.6666666666665,15.666666666666668,5,6,2025,2,1,158
2025-06-08,10.0,16.0,15.0,2507.0,13.0,6,6,2025,2,1,159
2025-06-09,8.0,21.0,14.0,2516.0,9.0,0,6,2025,2,0,160
2025-06-10,17.0,28.0,7.0,2511.0,12.0,1,6,2025,2,0,161
2025-06-11,15.571428571428571,27.428571428571427,7.428571428571429,2512.714285714286,12.285714285714286,2,6,2025,2,0,162
2025-06-12,14.142857142857142,26.857142857142858,7.857142857142857,2514.4285714285716,12.571428571428571,3,6,2025,2,0,163
2025-06-13,12.714285714285715,26.285714285714285,8.285714285714285,2516.1428571428573,12.857142857142858,4,6,2025,2,0,164
2025-06-14,11.285714285714285,25.714285714285715,8.714285714285714,2517.8571428571427,13.142857142857142,5,6,2025,2,1,165
2025-06-15,9.857142857142858,25.142857142857142,9.142857142857142,2519.5714285714284,13.428571428571429,6,6,2025,2,1,166
2025-06-16,8.428571428571429,24.571428571428573,9.571428571428571,2521.285714285714,13.714285714285714,0,6,2025,2,0,167
2025-06-17,7.0,24.0,10.0,2523.0,14.0,1,6,2025,2,0,168
2025-06-18,7.5,21.5,8.5,2512.0,16.0,2,6,2025,2,0,169
2025-06-19,8.0,19.0,7.0,2501.0,18.0,3,6,2025,2,0,170
2025-06-20,7.666666666666667,17.0,6.333333333333333,2503.3333333333335,14.333333333333334,4,6,2025,2,0,171
2025-06-21,7.333333333333333,15.0,5.666666666666667,2505.6666666666665,10.666666666666668,5,6,2025,2,1,172
2025-06-22,7.0,13.0,5.0,2508.0,7.0,6,6,2025,2,1,173
2025-06-23,3.0,15.0,5.0,2495.0,17.0,0,6,2025,2,0,174
2025-06-24,5.0,20.0,5.0,2489.0,16.0,1,6,2025,2,0,175
2025-06-25,6.0,12.0,2.0,2470.0,24.0,2,6,2025,2,0,176
2025-06-26,3.0,9.0,7.0,2447.0,35.0,3,6,2025,2,0,177
2025-06-27,3.6666666666666665,11.666666666666666,7.0,2435.6666666666665,30.0,4,6,2025,2,0,178
2025-06-28,4.333333333333333,14.333333333333332,7.0,2424.3333333333335,25.0,5,6,2025,2,1,179
2025-06-29,5.0,17.0,7.0,2413.0,20.0,6,6,2025,2,1,180
2025-06-30,9.0,22.0,8.0,2407.0,16.0,0,6,2025,2,0,181
2025-07-01,7.0,14.0,6.0,2391.0,22.0,1,7,2025,3,0,182
2025-07-02,8.0,20.0,9.0,2373.0,38.0,2,7,2025,3,0,183
2025-07-03,7.0,19.25,7.25,2362.75,30.5,3,7,2025,3,0,184
2025-07-04,6.0,18.5,5.5,2352.5,23.0,4,7,2025,3,0,185
2025-07-05,5.0,17.75,3.75,2342.25,15.5,5,7,2025,3,1,186
2025-07-06,4.0,17.0,2.0,2332.0,8.0,6,7,2025,3,1,187
2025-07-07,3.0,18.0,8.0,2317.0,20.0,0,7,2025,3,0,188
2025-07-08,5.0,16.0,8.0,2306.0,20.0,1,7,2025,3,0,189
2025-07-09,2.0,18.0,0.0,2281.0,32.0,2,7,2025,3,0,190
2025-07-10,2.0,12.0,3.0,2252.0,39.0,3,7,2025,3,0,191
2025-07-11,1.6666666666666667,12.333333333333334,3.3333333333333335,2236.0,29.333333333333336,4,7,2025,3,0,192
2025-07-12,1.3333333333333335,12.666666666666666,3.6666666666666665,2220.0,19.666666666666668,5,7,2025,3,1,193
2025-07-13,1.0,13.0,4.0,2204.0,10.0,6,7,2025,3,1,194
2025-07-14,2.0,9.0,1.0,2181.0,26.0,0,7,2025,3,0,195
2025-07-15,0.0,8.0,5.0,2171.0,17.0,1,7,2025,3,0,196
2025-07-16,1.0,9.0,0.0,2164.0,11.0,2,7,2025,3,0,197
2025-07-17,3.0,16.0,2.0,2153.0,17.0,3,7,2025,3,0,198
2025-07-18,3.25,16.5,3.25,2145.0,16.75,4,7,2025,3,0,199
2025-07-19,3.5,17.0,4.5,2137.0,16.5,5,7,2025,3,1,200
2025-07-20,3.75,17.5,5.75,2129.0,16.25,6,7,2025,3,1,201
2025-07-21,4.0,18.0,7.0,2121.0,16.0,0,7,2025,3,0,202
2025-07-22,5.0,13.0,3.0,2117.0,16.0,1,7,2025,3,0,203
2025-07-23,6.0,21.0,5.0,2111.0,14.0,2,7,2025,3,0,204
2025-07-24,6.0,18.0,7.0,2096.0,29.0,3,7,2025,3,0,205
2025-07-25,4.333333333333333,16.0,5.333333333333333,2093.3333333333335,20.666666666666664,4,7,2025,3,0,206
2025-07-26,2.6666666666666665,14.0,3.6666666666666665,2090.6666666666665,12.333333333333332,5,7,2025,3,1,207
2025-07-27,1.0,12.0,2.0,2088.0,4.0,6,7,2025,3,1,208
2025-07-28,2.0,9.0,3.0,2080.0,14.0,0,7,2025,3,0,209
2025-07-29,2.0,8.0,3.0,2072.0,12.0,1,7,2025,3,0,210
2025-07-30,4.0,15.0,4.0,2063.0,16.0,2,7,2025,3,0,211
2025-07-31,2.0,9.0,6.0,2058.0,15.0,3,7,2025,3,0,212
2025-08-01,3.0,14.666666666666668,5.0,2055.0,11.666666666666666,4,8,2025,3,0,213
2025-08-02,4.0,20.333333333333336,4.0,2052.0,8.333333333333332,5,8,2025,3,1,214
2025-08-03,5.0,26.0,3.0,2049.0,5.0,6,8,2025,3,1,215
2025-08-04,5.0,22.0,11.0,2040.0,14.0,0,8,2025,3,0,216
2025-08-05,2.0,21.0,10.0,2042.0,14.0,1,8,2025,3,0,217
2025-08-06,4.0,17.0,3.0,2036.0,13.0,2,8,2025,3,0,218
2025-08-07,4.0,18.0,6.0,2031.0,17.0,3,8,2025,3,0,219
2025-08-08,2.666666666666667,18.0,6.666666666666667,2022.6666666666667,15.333333333333334,4,8,2025,3,0,220
2025-08-09,1.3333333333333335,18.0,7.333333333333333,2014.3333333333333,13.666666666666666,5,8,2025,3,1,221
2025-08-10,0.0,18.0,8.0,2006.0,12.0,6,8,2025,3,1,222
2025-08-11,6.0,23.0,4.0,1999.0,16.0,0,8,2025,3,0,223
2025-08-12,8.0,38.0,9.0,1999.0,9.0,1,8,2025,3,0,224
2025-08-13,6.0,22.0,12.0,1997.0,17.0,2,8,2025,3,0,225
2025-08-14,3.0,27.0,4.0,1994.0,11.0,3,8,2025,3,0,226
2025-08-15,3.3333333333333335,22.666666666666668,3.3333333333333335,1993.0,8.333333333333334,4,8,2025,3,0,227
2025-08-16,3.6666666666666665,18.333333333333336,2.666666666666667,1992.0,5.666666666666667,5,8,2025,3,1,228
2025-08-17,4.0,14.0,2.0,1991.0,3.0,6,8,2025,3,1,229
2025-08-18,4.0,20.0,6.0,1985.0,14.0,0,8,2025,3,0,230
2025-08-19,5.0,35.0,3.0,1980.0,11.0,1,8,2025,3,0,231
2025-08-20,10.0,38.0,10.0,1983.0,10.0,2,8,2025,3,0,232
2025-08-21,6.0,49.0,8.0,1972.0,21.0,3,8,2025,3,0,233
2025-08-22,5.333333333333333,39.666666666666664,7.0,1975.0,15.666666666666668,4,8,2025,3,0,234
2025-08-23,4.666666666666667,30.333333333333332,6.0,1978.0,10.333333333333334,5,8,2025,3,1,235
2025-08-24,4.0,21.0,5.0,1981.0,5.0,6,8,2025,3,1,236
2025-08-25,8.0,30.0,8.0,1980.0,11.0,0,8,2025,3,0,237
2025-08-26,10.0,21.0,20.0,1989.0,15.0,1,8,2025,3,0,238
2025-08-27,5.0,19.0,9.0,1988.0,19.0,2,8,2025,3,0,239
2025-08-28,8.0,33.0,6.0,1984.0,17.0,3,8,2025,3,0,240
2025-08-29,8.5,32.0,8.75,1990.5,14.0,4,8,2025,3,0,241
2025-08-30,9.0,31.0,11.5,1997.0,11.0,5,8,2025,3,1,242
2025-08-31,9.5,30.0,14.25,2003.5,8.0,6,8,2025,3,1,243
2025-09-01,10.0,29.0,17.0,2010.0,5.0,0,9,2025,3,0,244
2025-09-02,6.0,35.0,9.0,2020.0,9.0,1,9,2025,3,0,245
2025-09-03,4.0,29.0,11.0,2019.0,10.0,2,9,2025,3,0,246
2025-09-04,11.0,40.0,2.0,2015.0,14.0,3,9,2025,3,0,247
2025-09-05,8.666666666666666,33.0,4.333333333333334,2018.6666666666667,11.666666666666666,4,9,2025,3,0,248
2025-09-06,6.333333333333333,26.0,6.666666666666667,2022.3333333333333,9.333333333333332,5,9,2025,3,1,249
2025-09-07,4.0,19.0,9.0,2026.0,7.0,6,9,2025,3,1,250
2025-09-08,7.0,25.0,5.0,2025.0,6.0,0,9,2025,3,0,251
2025-09-09,18.0,42.0,11.0,2023.0,14.0,1,9,2025,3,0,252
2025-09-10,10.0,47.0,14.0,2025.0,18.0,2,9,2025,3,0,253
2025-09-11,12.0,38.0,29.0,2047.0,6.0,3,9,2025,3,0,254
2025-09-12,10.333333333333334,38.333333333333336,23.666666666666668,2059.0,5.666666666666667,4,9,2025,3,0,255
2025-09-13,8.666666666666666,38.666666666666664,18.333333333333336,2071.0,5.333333333333333,5,9,2025,3,1,256
2025-09-14,7.0,39.0,13.0,2083.0,5.0,6,9,2025,3,1,257
2025-09-15,9.0,47.0,10.0,2086.0,10.0,0,9,2025,3,0,258
2025-09-16,7.0,28.0,17.0,2095.0,12.0,1,9,2025,3,0,259
2025-09-17,7.0,38.0,5.0,2096.0,13.0,2,9,2025,3,0,260
2025-09-18,20.0,52.0,11.0,2096.0,14.0,3,9,2025,3,0,261
2025-09-19,16.0,46.333333333333336,11.666666666666666,2108.6666666666665,11.0,4,9,2025,3,0,262
2025-09-20,12.0,40.666666666666664,12.333333333333334,2121.3333333333335,8.0,5,9,2025,3,1,263
2025-09-21,8.0,35.0,13.0,2134.0,5.0,6,9,2025,3,1,264
2025-09-22,17.0,40.0,14.0,2141.0,10.0,0,9,2025,3,0,265
2025-09-23,11.0,36.0,10.0,2145.0,15.0,1,9,2025,3,0,266
2025-09-24,3.0,38.0,12.0,2138.0,17.0,2,9,2025,3,0,267
2025-09-25,6.0,35.0,12.0,2132.0,18.0,3,9,2025,3,0,268
2025-09-26,7.666666666666667,33.0,12.0,2136.6666666666665,15.0,4,9,2025,3,0,269
2025-09-27,9.333333333333334,31.0,12.0,2141.3333333333335,12.0,5,9,2025,3,1,270
2025-09-28,11.0,29.0,12.0,2146.0,9.0,6,9,2025,3,1,271
2025-09-29,8.0,35.0,12.0,2148.0,13.0,0,9,2025,3,0,272
2025-09-30,8.0,32.0,12.0,2159.0,7.0,1,9,2025,3,0,273
2025-10-01,4.0,33.0,12.0,2163.0,14.0,2,10,2025,4,0,274
2025-10-02,20.0,51.0,15.0,2164.0,16.0,3,10,2025,4,0,275
2025-10-03,16.0,43.333333333333336,14.333333333333334,2169.3333333333335,16.0,4,10,2025,4,0,276
2025-10-04,12.0,35.666666666666664,13.666666666666666,2174.6666666666665,16.0,5,10,2025,4,1,277
2025-10-05,8.0,28.0,13.0,2180.0,16.0,6,10,2025,4,1,278
2025-10-06,5.0,33.0,15.0,2187.0,10.0,0,10,2025,4,0,279
2025-10-07,11.0,45.0,4.0,2189.0,10.0,1,10,2025,4,0,280
2025-10-08,8.0,49.0,15.0,2192.0,17.0,2,10,2025,4,0,281
2025-10-09,11.0,55.0,13.0,2192.0,12.0,3,10,2025,4,0,282
2025-10-10,10.25,47.25,11.5,2199.75,10.5,4,10,2025,4,0,283
2025-10-11,9.5,39.5,10.0,2207.5,9.0,5,10,2025,4,1,284
2025-10-12,8.75,31.75,8.5,2215.25,7.5,6,10,2025,4,1,285
2025-10-13,8.0,24.0,7.0,2223.0,6.0,0,10,2025,4,0,286
2025-10-14,7.0,30.0,16.0,2235.0,8.0,1,10,2025,4,0,287
2025-10-15,8.0,29.0,10.0,2225.0,15.0,2,10,2025,4,0,288
2025-10-16,9.0,33.0,15.0,2233.0,9.0,3,10,2025,4,0,289
2025-10-17,9.0,33.333333333333336,15.666666666666666,2234.3333333333335,8.333333333333334,4,10,2025,4,0,290
2025-10-18,9.0,33.666666666666664,16.333333333333332,2235.6666666666665,7.666666666666667,5,10,2025,4,1,291
2025-10-19,9.0,34.0,17.0,2237.0,7.0,6,10,2025,4,1,292
2025-10-20,10.0,39.0,6.0,2243.0,7.0,0,10,2025,4,0,293
2025-10-21,13.0,39.0,17.0,2251.0,9.0,1,10,2025,4,0,294
2025-10-22,12.0,42.0,13.0,2261.0,12.0,2,10,2025,4,0,295
2025-10-23,4.0,27.0,26.0,2266.0,18.0,3,10,2025,4,0,296
2025-10-24,4.0,29.666666666666668,21.333333333333332,2269.3333333333335,15.333333333333334,4,10,2025,4,0,297
2025-10-25,4.0,32.333333333333336,16.666666666666664,2272.6666666666665,12.666666666666668,5,10,2025,4,1,298
2025-10-26,4.0,35.0,12.0,2276.0,10.0,6,10,2025,4,1,299
2025-10-27,2.0,31.0,8.0,2282.0,11.0,0,10,2025,4,0,300
2025-10-28,6.0,22.0,11.0,2286.0,6.0,1,10,2025,4,0,301
2025-10-29,6.0,25.0,4.0,2280.0,17.0,2,10,2025,4,0,302
2025-10-30,3.0,17.0,14.0,2287.0,12.0,3,10,2025,4,0,303
2025-10-31,3.6666666666666665,18.333333333333332,12.666666666666666,2283.6666666666665,10.333333333333334,4,10,2025,4,0,304
2025-11-01,4.333333333333333,19.666666666666668,11.333333333333334,2280.3333333333335,8.666666666666666,5,11,2025,4,1,305
2025-11-02,5.0,21.0,10.0,2277.0,7.0,6,11,2025,4,1,306
2025-11-03,3.0,28.0,5.0,2269.0,12.0,0,11,2025,4,0,307
2025-11-04,6.0,33.0,6.0,2270.0,8.0,1,11,2025,4,0,308
2025-11-05,8.0,41.0,8.0,2272.0,7.0,2,11,2025,4,0,309
2025-11-06,6.0,33.0,9.0,2264.0,19.0,3,11,2025,4,0,310
2025-11-07,7.666666666666667,33.0,7.666666666666667,2274.0,14.0,4,11,2025,4,0,311
2025-11-08,9.333333333333334,33.0,6.333333333333334,2284.0,9.0,5,11,2025,4,1,312
2025-11-09,11.0,33.0,5.0,2294.0,4.0,6,11,2025,4,1,313
2025-11-10,11.0,36.0,8.5,2294.0,9.0,0,11,2025,4,0,314
2025-11-11,11.0,39.0,12.0,2294.0,14.0,1,11,2025,4,0,315
2025-11-12,14.0,48.0,20.0,2302.0,7.0,2,11,2025,4,0,316
2025-11-13,6.0,26.0,16.0,2317.0,5.0,3,11,2025,4,0,317
2025-11-14,5.666666666666667,24.666666666666668,11.666666666666668,2324.6666666666665,5.0,4,11,2025,4,0,318
2025-11-15,5.333333333333333,23.333333333333332,7.333333333333334,2332.3333333333335,5.0,5,11,2025,4,1,319
2025-11-16,5.0,22.0,3.0,2340.0,5.0,6,11,2025,4,1,320
2025-11-17,1.0,35.0,6.0,2343.0,8.0,0,11,2025,4,0,321
2025-11-18,2.0,38.0,8.0,2345.0,12.0,1,11,2025,4,0,322
2025-11-19,7.0,32.0,3.0,2340.0,10.0,2,11,2025,4,0,323
2025-11-20,18.0,57.0,8.0,2340.0,9.0,3,11,2025,4,0,324
2025-11-21,13.0,53.333333333333336,12.666666666666668,2351.6666666666665,6.333333333333334,4,11,2025,4,0,325
2025-11-22,8.0,49.666666666666664,17.333333333333336,2363.3333333333335,3.666666666666667,5,11,2025,4,1,326
2025-11-23,3.0,46.0,22.0,2375.0,1.0,6,11,2025,4,1,327
2025-11-24,9.0,40.0,9.0,2371.0,13.0,0,11,2025,4,0,328
2025-11-25,6.0,47.0,14.0,2375.0,11.0,1,11,2025,4,0,329
2025-11-26,5.0,35.5,11.0,2382.0,9.0,2,11,2025,4,0,330
2025-11-27,4.0,24.0,8.0,2389.0,7.0,3,11,2025,4,0,331
2025-11-28,4.0,22.0,8.666666666666666,2397.6666666666665,4.666666666666666,4,11,2025,4,0,332
2025-11-29,4.0,20.0,9.333333333333334,2406.3333333333335,2.333333333333333,5,11,2025,4,1,333
2025-11-30,4.0,18.0,10.0,2415.0,0.0,6,11,2025,4,1,334
2025-12-01,4.0,26.0,4.0,2410.0,9.0,0,12,2025,4,0,335
2025-12-02,7.0,34.0,6.0,2407.0,8.0,1,12,2025,4,0,336
2025-12-03,4.0,32.0,8.0,2419.0,7.0,2,12,2025,4,0,337
2025-12-04,16.0,39.0,7.0,2418.0,13.0,3,12,2025,4,0,338
2025-12-05,12.0,34.0,9.0,2421.6666666666665,12.666666666666666,4,12,2025,4,0,339
2025-12-06,8.0,29.0,11.0,2425.3333333333335,12.333333333333334,5,12,2025,4,1,340
2025-12-07,4.0,24.0,13.0,2429.0,12.0,6,12,2025,4,1,341
2025-12-08,9.0,27.0,9.0,2440.0,4.0,0,12,2025,4,0,342
2025-12-09,4.0,30.0,7.0,2443.0,8.0,1,12,2025,4,0,343
2025-12-10,10.0,54.0,5.0,2439.0,9.0,2,12,2025,4,0,344
2025-12-11,7.0,47.0,9.0,2437.0,10.0,3,12,2025,4,0,345
2025-12-12,7.333333333333333,43.0,7.333333333333333,2445.3333333333335,9.333333333333334,4,12,2025,4,0,346
2025-12-13,7.666666666666667,39.0,5.666666666666666,2453.6666666666665,8.666666666666666,5,12,2025,4,1,347
2025-12-14,8.0,35.0,4.0,2462.0,8.0,6,12,2025,4,1,348
2025-12-15,11.0,42.0,9.0,2470.0,7.0,0,12,2025,4,0,349
2025-12-16,8.0,54.0,15.0,2468.0,9.0,1,12,2025,4,0,350
2025-12-17,7.0,31.0,11.0,2481.0,10.0,2,12,2025,4,0,351
2025-12-18,11.0,50.0,6.0,2472.0,16.0,3,12,2025,4,0,352
2025-12-19,9.333333333333334,39.333333333333336,7.666666666666667,2476.0,15.333333333333334,4,12,2025,4,0,353
2025-12-20,7.666666666666666,28.666666666666668,9.333333333333334,2480.0,14.666666666666666,5,12,2025,4,1,354
2025-12-21,6.0,18.0,11.0,2484.0,14.0,6,12,2025,4,1,355
